1,Stuart,Duffit,sduffit0@youtu.be,Male,72.222.151.255,No,#e10282,S,38
2,Olenka,Tilliard,otilliard1@sitemeter.com,Female,49.105.71.170,Yes,#2d76cb,M,79
3,Franny,Trythall,ftrythall2@uiuc.edu,Male,69.208.68.79,No,#7a507f,L,48
4,Robena,Dameisele,rdameisele3@omniture.com,Female,153.250.225.250,Yes,#275a35,S,83
5,Caroline,Santino,csantino4@addthis.com,Female,107.170.3.86,Yes,#f93e91,M,75
6,Myrtice,Gahagan,mgahagan5@google.co.jp,Female,170.37.211.238,Yes,#0b9cad,3XL,88
7,Berke,Edlyn,bedlyn6@blogspot.com,Male,38.200.204.236,No,#8e6816,3XL,91
8,Wendy,Kilshaw,wkilshaw7@state.tx.us,Female,24.242.236.241,Yes,#83dda2,M,77
9,Raddy,Aurelius,raurelius8@shutterfly.com,Male,222.49.108.41,No,#dd1da5,XS,86
10,Nathalie,Clacson,nclacson9@typepad.com,Female,178.90.117.70,No,#bd37cd,XL,22
11,Dar,Pavlenko,dpavlenkoa@dagondesign.com,Male,91.104.233.223,Yes,#7ae0dd,L,31
12,Lou,Shingler,lshinglerb@unc.edu,Female,6.188.253.35,Yes,#722e50,2XL,55
13,Audie,Jones,ajonesc@paginegialle.it,Female,98.203.131.139,Yes,#cc6a19,2XL,52
14,Yorke,Antoniazzi,yantoniazzid@lulu.com,Male,14.58.214.124,No,#9132a4,M,70
15,Melina,Benedick,mbenedicke@cbslocal.com,Female,4.13.50.1,No,#d73a03,L,23
16,Paolina,Leyes,pleyesf@nature.com,Female,50.62.67.122,Yes,#cab4d9,2XL,43
17,Sloane,Wanden,swandeng@usgs.gov,Male,54.92.244.162,No,#d7786e,XL,63
18,Everard,Bartolommeo,ebartolommeoh@sfgate.com,Male,145.112.186.138,No,#db74b6,XL,72
19,Willard,Balleine,wballeinei@bbc.co.uk,Male,31.76.1.148,No,#58b92e,XS,60
20,Truda,Rushby,trushbyj@ed.gov,Female,37.176.119.50,No,#ea5f43,XL,40
21,Beverly,Gudgen,bgudgenk@jugem.jp,Female,151.7.86.132,Yes,#b1c440,XL,68
22,Farlee,Billborough,fbillboroughl@instagram.com,Male,128.97.53.211,Yes,#55275a,S,83
23,Winnifred,Gourlie,wgourliem@networkadvertising.org,Female,231.244.243.90,No,#980810,M,47
24,Kirstin,Gahagan,kgahagann@imgur.com,Female,118.43.88.28,Yes,#b64bdf,XL,85
25,Rosabella,Itzkovich,ritzkovicho@mit.edu,Female,132.158.255.71,Yes,#73d0b3,3XL,67
26,Briney,Greendale,bgreendalep@cbsnews.com,Female,179.119.234.78,Yes,#3eeecb,XL,67
27,Vivienne,Wickson,vwicksonq@mozilla.org,Female,238.27.247.47,No,#83e2e8,2XL,85
28,Aubrette,Skelly,askellyr@weebly.com,Female,15.155.249.88,Yes,#0ce4ae,M,25
29,Barnaby,Veelers,bveelerss@hud.gov,Male,12.22.19.36,No,#2b0305,2XL,91
30,Odell,Oluwatoyin,ooluwatoyint@google.com.hk,Male,150.141.67.220,Yes,#e1d8ed,2XL,44
31,Farlie,Dolden,fdoldenu@techcrunch.com,Male,251.159.3.76,No,#e5cdaf,XL,92
32,Arabelle,Dormon,adormonv@disqus.com,Female,33.237.174.40,Yes,#42b93f,L,79
33,Raphaela,Schoffel,rschoffelw@so-net.ne.jp,Female,238.251.116.137,Yes,#17e06e,XL,49
34,Joann,Hully,jhullyx@e-recht24.de,Female,163.71.20.151,Yes,#2dac82,XS,89
35,Lucina,Damp,ldampy@github.io,Female,62.66.40.78,No,#603e29,S,27
36,Gill,Schankel,gschankelz@goo.ne.jp,Male,48.16.94.225,Yes,#f8e5de,3XL,42
37,La verne,Capron,lcapron10@mail.ru,Female,237.143.71.6,Yes,#a2db53,M,68
38,Osgood,Errington,oerrington11@amazon.co.uk,Male,35.189.115.8,Yes,#01df77,XL,53
39,Ruggiero,Laker,rlaker12@drupal.org,Male,209.215.62.72,Yes,#5f0dd3,XS,56
40,Theodosia,Chiese,tchiese13@blog.com,Female,33.234.82.228,Yes,#77370c,M,69
41,Caryl,Kitto,ckitto14@quantcast.com,Female,223.130.248.97,Yes,#991fee,XL,53
42,Damaris,Eberz,deberz15@earthlink.net,Female,34.253.147.42,Yes,#4fed24,XS,40
43,Kirstin,Makeswell,kmakeswell16@theatlantic.com,Female,27.22.162.185,Yes,#0e41ea,XL,56
44,Langston,Gillbey,lgillbey17@istockphoto.com,Male,93.136.83.61,Yes,#b4303a,XL,64
45,Freda,Allabarton,fallabarton18@hibu.com,Female,132.117.128.99,Yes,#6fab08,M,85
46,Sander,Nabarro,snabarro19@sourceforge.net,Male,14.10.132.145,Yes,#8ea09b,M,67
47,Lamar,Austick,laustick1a@cbslocal.com,Male,140.96.188.190,No,#affd1c,2XL,65
48,Maxwell,Mountain,mmountain1b@scribd.com,Male,119.151.140.11,No,#267068,XS,54
49,Hardy,Le feuvre,hlefeuvre1c@cnn.com,Male,248.217.42.158,No,#e3435f,L,26
50,Carroll,Warsap,cwarsap1d@ehow.com,Female,64.28.34.163,No,#7507fc,XS,67
51,Shawn,Kollatsch,skollatsch1e@purevolume.com,Female,194.194.160.165,Yes,#8892fd,2XL,40
52,Giacinta,Sicily,gsicily1f@ebay.com,Female,99.141.246.162,Yes,#8037fa,XS,76
53,Dalli,Dumper,ddumper1g@cnbc.com,Male,131.211.70.174,Yes,#e21194,M,52
54,Zechariah,Bacher,zbacher1h@mashable.com,Male,37.28.95.12,No,#68ad78,XL,31
55,Atlante,Nappin,anappin1i@angelfire.com,Female,170.146.150.189,Yes,#34e8ad,M,85
56,Flss,Day,fday1j@dailymail.co.uk,Female,59.240.208.3,Yes,#7bd576,XL,70
57,Adelheid,MacConneely,amacconneely1k@businessinsider.com,Female,244.157.138.47,Yes,#0b035b,XS,45
58,Christen,Sheach,csheach1l@spotify.com,Female,75.57.212.252,Yes,#55687f,XL,29
59,Bradly,Morrell,bmorrell1m@istockphoto.com,Male,14.212.186.178,No,#45c99c,2XL,45
60,Ganny,Kintish,gkintish1n@liveinternet.ru,Male,172.199.156.124,No,#567275,3XL,78
61,Theo,Jesse,tjesse1o@meetup.com,Male,192.40.166.147,Yes,#251879,3XL,48
62,Rosalinda,Gustus,rgustus1p@gmpg.org,Female,73.125.233.43,Yes,#ff3c08,M,24
63,Graehme,Filipson,gfilipson1q@delicious.com,Male,194.243.57.80,No,#9af652,3XL,21
64,Imojean,McCafferty,imccafferty1r@nymag.com,Female,17.33.78.104,Yes,#b8a8d3,M,81
65,Patrick,Mabb,pmabb1s@1688.com,Male,163.102.58.96,Yes,#a3339f,S,85
66,Coriss,Neesam,cneesam1t@fema.gov,Female,28.37.74.217,Yes,#647b24,XL,41
67,Joseito,Haseley,jhaseley1u@webmd.com,Male,36.86.79.226,No,#3583fb,S,72
68,Gabriela,Fenimore,gfenimore1v@php.net,Female,179.3.150.229,Yes,#cde473,M,36
69,Ave,Jacqueminot,ajacqueminot1w@live.com,Male,241.19.53.34,No,#8133a4,XS,86
70,Johnnie,Tampin,jtampin1x@miitbeian.gov.cn,Male,140.32.9.59,No,#bf7d88,2XL,21
71,Ailene,Halt,ahalt1y@ca.gov,Female,169.114.140.6,No,#a11495,XS,85
72,Katrina,Coade,kcoade1z@hc360.com,Female,220.57.35.241,Yes,#c4b1e7,3XL,59
73,Artemis,Blondin,ablondin20@moonfruit.com,Male,2.91.13.245,No,#4a68c0,M,63
74,Obadiah,O'Shevlin,ooshevlin21@msn.com,Male,54.7.236.77,Yes,#fd717f,L,38
75,Murdock,MacNaughton,mmacnaughton22@unicef.org,Male,95.54.99.165,Yes,#34c8b4,3XL,83
76,Cecile,Blankman,cblankman23@zimbio.com,Female,16.84.95.112,Yes,#048524,S,36
77,Ginny,Giacomucci,ggiacomucci24@wunderground.com,Female,215.246.33.215,No,#5123c7,3XL,46
78,Kennith,Bellringer,kbellringer25@aboutads.info,Male,102.105.114.133,Yes,#b58576,XS,83
79,Marje,Polglaze,mpolglaze26@aol.com,Female,242.177.243.68,No,#367528,XL,53
80,Normand,Dyche,ndyche27@pagesperso-orange.fr,Male,46.87.41.59,Yes,#87f8ca,2XL,58
81,Abe,Baccus,abaccus28@engadget.com,Male,200.182.242.56,No,#fafbbd,XL,19
82,Berkly,Fradgley,bfradgley29@msn.com,Male,16.141.181.183,No,#1b8299,L,27
83,Linea,Dessant,ldessant2a@google.cn,Female,222.47.205.16,Yes,#34e3ab,XS,89
84,Petey,Jirek,pjirek2b@xinhuanet.com,Male,65.203.245.141,No,#5b5b9c,M,87
85,Leonore,Kestin,lkestin2c@techcrunch.com,Female,111.135.202.221,No,#a1e1af,XL,89
86,Clem,Collyer,ccollyer2d@upenn.edu,Female,41.81.48.242,Yes,#a97e54,S,82
87,Cristian,Streight,cstreight2e@wsj.com,Male,53.73.90.134,No,#962620,2XL,80
88,Franky,Sainter,fsainter2f@newsvine.com,Female,148.16.125.61,Yes,#f0eecf,S,21
89,Rianon,Altree,raltree2g@webs.com,Female,178.17.42.72,Yes,#46c29d,2XL,38
90,Modestine,Steers,msteers2h@meetup.com,Female,246.104.116.180,Yes,#af2b6f,M,66
91,Lawrence,Abbatucci,labbatucci2i@tiny.cc,Male,238.164.231.95,Yes,#2aeabc,3XL,77
92,Otis,Hugli,ohugli2j@weebly.com,Male,85.252.6.142,No,#848063,L,23
93,Rabi,Bakster,rbakster2k@eventbrite.com,Male,1.41.1.121,Yes,#a1044a,XL,59
94,Isacco,Budcock,ibudcock2l@shop-pro.jp,Male,189.125.66.43,Yes,#74e3ba,XL,19
95,Carney,Peltz,cpeltz2m@tripadvisor.com,Male,84.209.229.205,No,#61d8e8,XS,26
96,Witty,Wrankmore,wwrankmore2n@microsoft.com,Male,10.132.186.81,Yes,#c666a2,XS,87
97,Pam,Eyckelberg,peyckelberg2o@so-net.ne.jp,Female,50.117.66.44,No,#65495e,XL,61
98,Andreas,Heiss,aheiss2p@telegraph.co.uk,Male,64.104.69.153,Yes,#f03472,3XL,85
99,Orran,Giacopelo,ogiacopelo2q@marriott.com,Male,96.228.225.107,Yes,#d33d0b,S,89
100,Eachelle,Axelbey,eaxelbey2r@java.com,Female,161.62.186.139,No,#e014a5,2XL,45
101,Edmon,Corbin,ecorbin2s@lulu.com,Male,200.55.150.26,No,#78383e,XS,48
102,Tome,Venditto,tvenditto2t@amazonaws.com,Male,146.164.129.5,No,#a1458f,XS,77
103,Eugenius,Hobgen,ehobgen2u@admin.ch,Male,26.250.192.40,No,#1ed5f2,2XL,84
104,Ange,Barrus,abarrus2v@dailymail.co.uk,Female,235.33.59.222,Yes,#4c5871,XL,26
105,Eamon,Lokier,elokier2w@columbia.edu,Male,7.56.12.119,No,#c940b5,XS,87
106,Sansone,Qusklay,squsklay2x@blogspot.com,Male,241.48.95.52,No,#37c559,2XL,32
107,Oliviero,Issakov,oissakov2y@hud.gov,Male,27.177.156.7,No,#4aa92d,3XL,33
108,Simonette,Philipsen,sphilipsen2z@miibeian.gov.cn,Female,195.57.206.180,Yes,#379b2f,XL,41
109,Hadley,Dulany,hdulany30@bigcartel.com,Male,225.43.178.18,Yes,#2793d8,3XL,76
110,Arnold,Yashin,ayashin31@dailymail.co.uk,Male,44.190.106.109,No,#2cb632,S,67
111,Iosep,Moulin,imoulin32@blogger.com,Male,100.7.112.157,No,#cd691f,XS,32
112,Cyndie,Shimoni,cshimoni33@quantcast.com,Female,210.186.9.66,No,#db6860,3XL,59
113,Yulma,Hedley,yhedley34@dell.com,Male,185.123.171.98,Yes,#060f30,M,34
114,Packston,Brashaw,pbrashaw35@marriott.com,Male,26.32.115.201,Yes,#3c0b4e,L,29
115,Avery,Brownsword,abrownsword36@people.com.cn,Male,58.4.119.104,No,#471f81,L,73
116,Dugald,Horley,dhorley37@cargocollective.com,Male,172.180.147.171,No,#da7438,L,37
117,Chris,Annatt,cannatt38@globo.com,Female,198.207.81.247,Yes,#bf1758,2XL,75
118,Kris,Binder,kbinder39@ifeng.com,Male,155.107.104.88,Yes,#5bce34,XS,25
119,Ernst,Patey,epatey3a@surveymonkey.com,Male,25.185.85.251,No,#f77e60,M,22
120,Jaine,Mingo,jmingo3b@admin.ch,Female,232.57.61.56,No,#ab1636,2XL,79
121,Caressa,Keitch,ckeitch3c@liveinternet.ru,Female,72.217.24.195,Yes,#28f7cc,XL,19
122,Meg,Harbord,mharbord3d@reference.com,Female,201.223.98.90,No,#2ebc93,S,83
123,Sigmund,Arnaudet,sarnaudet3e@tmall.com,Male,189.228.78.70,No,#1fdf30,L,42
124,Ingmar,Dungey,idungey3f@purevolume.com,Male,64.245.239.120,No,#1d8aed,XL,30
125,Jandy,Northen,jnorthen3g@aboutads.info,Female,142.127.165.155,No,#b86f90,3XL,52
126,Alice,Heditch,aheditch3h@mozilla.org,Female,229.80.219.29,No,#e6c686,2XL,82
127,Siffre,Sambals,ssambals3i@boston.com,Male,52.122.92.152,Yes,#523765,L,64
128,Rosemarie,Kippie,rkippie3j@odnoklassniki.ru,Female,195.183.232.218,Yes,#4f6f8f,3XL,66
129,Joannes,Matijasevic,jmatijasevic3k@ihg.com,Female,40.82.153.193,Yes,#2ddb43,XS,49
130,Jeniffer,Blower,jblower3l@howstuffworks.com,Female,93.204.191.188,No,#5dd09a,M,74
131,Leland,Gerram,lgerram3m@vistaprint.com,Female,26.124.224.165,No,#da0c88,S,80
132,Vincenz,Nairn,vnairn3n@msu.edu,Male,246.229.72.78,No,#93e3b0,S,56
133,Livvie,Darnborough,ldarnborough3o@exblog.jp,Female,108.153.170.47,Yes,#c2a02e,XL,38
134,Salomi,Gaywood,sgaywood3p@bluehost.com,Female,89.121.180.229,No,#ea3879,M,57
135,Timmy,Aujean,taujean3q@fastcompany.com,Male,85.110.96.40,Yes,#f6c890,M,35
136,Sal,Bugdall,sbugdall3r@fema.gov,Female,186.128.89.72,Yes,#7c6608,3XL,34
137,Antonin,O'Sheilds,aosheilds3s@irs.gov,Male,7.105.131.22,Yes,#6cbf7c,L,90
138,Ethelred,Sprouls,esprouls3t@china.com.cn,Male,69.227.26.139,Yes,#7b41b5,XL,66
139,Stanislaw,Vermer,svermer3u@dyndns.org,Male,100.131.255.220,Yes,#885463,S,32
140,Umeko,Fendlow,ufendlow3v@ycombinator.com,Female,18.86.182.15,No,#788341,S,80
141,Titus,O' Molan,tomolan3w@vkontakte.ru,Male,39.142.182.93,Yes,#95dae9,2XL,43
142,Garwood,Smallpeice,gsmallpeice3x@odnoklassniki.ru,Male,169.123.89.172,No,#c10079,M,69
143,Fayette,Battison,fbattison3y@nps.gov,Female,134.240.161.244,No,#c940b4,S,74
144,Alvis,Rothermel,arothermel3z@gmpg.org,Male,138.36.114.1,No,#b24919,S,55
145,Dennie,Muckley,dmuckley40@addthis.com,Female,121.148.161.227,Yes,#816516,3XL,71
146,Pammy,Jozefiak,pjozefiak41@4shared.com,Female,134.104.62.59,Yes,#98330a,L,60
147,Gladys,Creeber,gcreeber42@altervista.org,Female,151.188.192.88,No,#b4cdc9,3XL,58
148,Adara,Billings,abillings43@creativecommons.org,Female,46.232.183.104,No,#f2c8d9,M,64
149,Boniface,Clawley,bclawley44@bloglines.com,Male,55.219.9.171,No,#296fdc,3XL,46
150,Hermine,Stalley,hstalley45@cnet.com,Female,166.65.102.103,No,#7b21a5,XL,33
151,Devin,Wren,dwren46@webmd.com,Female,89.4.102.188,No,#73e0f4,M,67
152,Gram,Wince,gwince47@umn.edu,Male,6.207.21.58,Yes,#70108c,3XL,46
153,Alleyn,Dreher,adreher48@illinois.edu,Male,8.213.227.15,Yes,#4e3e98,2XL,52
154,Saunder,Rodenhurst,srodenhurst49@europa.eu,Male,57.8.72.156,Yes,#15047e,XS,85
155,Zebadiah,Adran,zadran4a@seesaa.net,Male,61.28.209.8,No,#515dd0,3XL,48
156,Yorker,Eveleigh,yeveleigh4b@rakuten.co.jp,Male,41.76.91.183,No,#970cb5,L,75
157,Kattie,Loughney,kloughney4c@virginia.edu,Female,159.59.69.174,Yes,#d485b5,L,21
158,Muffin,Port,mport4d@purevolume.com,Female,215.111.59.81,Yes,#b7bfea,L,41
159,Zonnya,Hurtic,zhurtic4e@wordpress.org,Female,176.95.167.18,No,#444655,S,41
160,Johny,Oakman,joakman4f@plala.or.jp,Male,1.104.220.117,No,#250a6b,XL,30
161,Gardie,Deverille,gdeverille4g@ow.ly,Male,42.72.162.222,No,#bff283,XL,64
162,Kaitlin,Taphouse,ktaphouse4h@time.com,Female,18.199.128.104,Yes,#9a058b,M,75
163,Tobin,Hazeltine,thazeltine4i@mediafire.com,Male,230.138.176.85,No,#c9c8f7,S,61
164,Alameda,Ricold,aricold4j@fotki.com,Female,15.194.167.205,No,#36995a,S,63
165,Brynn,Jaggers,bjaggers4k@tuttocitta.it,Female,253.185.126.196,No,#58425f,3XL,36
166,Carlie,McIlheran,cmcilheran4l@freewebs.com,Male,192.13.128.198,Yes,#29ec8b,L,86
167,Dante,Suttill,dsuttill4m@dell.com,Male,177.12.106.98,Yes,#28d04c,L,31
168,Benny,Emanson,bemanson4n@admin.ch,Male,95.216.140.13,Yes,#b82945,XL,71
169,Ritchie,Castagnaro,rcastagnaro4o@vistaprint.com,Male,18.179.107.44,No,#c9b7db,XS,31
170,Lauretta,Olczyk,lolczyk4p@bing.com,Female,80.209.17.132,Yes,#e44ea9,S,44
171,Ezri,Pincott,epincott4q@boston.com,Male,194.79.115.18,No,#2c2f3c,3XL,28
172,Base,Sansome,bsansome4r@flickr.com,Male,216.213.202.50,Yes,#e6b703,M,24
173,Neville,Muckersie,nmuckersie4s@ebay.com,Male,89.202.34.107,No,#a85661,3XL,86
174,Ottilie,Drysdell,odrysdell4t@admin.ch,Female,171.211.42.75,No,#db2da3,XS,86
175,Irwinn,Vescovini,ivescovini4u@si.edu,Male,167.171.224.131,No,#fa7495,L,47
176,Collette,Crinage,ccrinage4v@ezinearticles.com,Female,225.252.139.165,Yes,#08cbb1,L,53
177,Yolande,Franzonetti,yfranzonetti4w@woothemes.com,Female,201.118.181.254,Yes,#524344,3XL,68
178,Ingrim,Fackrell,ifackrell4x@google.ca,Male,205.141.46.245,Yes,#5e5e95,XL,77
179,Torrance,Paprotny,tpaprotny4y@biblegateway.com,Male,24.48.37.143,No,#3eb252,XL,61
180,Lani,Bayfield,lbayfield4z@wufoo.com,Female,10.140.174.82,Yes,#a0ff12,3XL,23
181,Harri,Sellman,hsellman50@admin.ch,Female,19.131.148.114,Yes,#211920,L,24
182,Isa,Eastam,ieastam51@simplemachines.org,Male,104.174.249.119,Yes,#1f5ff6,3XL,35
183,Adi,Leport,aleport52@acquirethisname.com,Female,106.1.81.85,Yes,#3985ff,M,71
184,Myrtie,Cuddehy,mcuddehy53@altervista.org,Female,183.240.249.203,No,#ada9b3,2XL,40
185,Gasparo,Dominka,gdominka54@discuz.net,Male,76.191.118.231,No,#751821,3XL,31
186,Juliann,Evitts,jevitts55@sciencedaily.com,Female,82.107.103.234,Yes,#7ee36c,S,38
187,Candie,Lodemann,clodemann56@aol.com,Female,172.158.182.130,Yes,#61e137,XS,22
188,Kermit,Cavnor,kcavnor57@unblog.fr,Male,132.125.65.205,Yes,#9dce65,XS,41
189,Ara,Pinchback,apinchback58@reuters.com,Female,119.211.17.172,Yes,#49228d,L,40
190,Udell,Hoffner,uhoffner59@theatlantic.com,Male,233.222.42.97,No,#fa1ce0,L,53
191,Harlin,Brandoni,hbrandoni5a@networksolutions.com,Male,212.174.22.5,Yes,#44d159,XL,68
192,Koralle,Arnholtz,karnholtz5b@telegraph.co.uk,Female,251.65.92.209,Yes,#0a1b3f,L,30
193,Archer,Levecque,alevecque5c@biglobe.ne.jp,Male,245.11.240.14,Yes,#102ccf,M,85
194,Brien,Dalliwater,bdalliwater5d@cnn.com,Male,52.144.118.187,No,#d94df9,XS,59
195,Gui,Randleson,grandleson5e@army.mil,Female,142.100.215.193,No,#6c555a,3XL,52
196,Sydelle,Konert,skonert5f@alibaba.com,Female,36.111.155.189,Yes,#9705ec,S,35
197,Pacorro,Renachowski,prenachowski5g@gov.uk,Male,215.162.215.89,Yes,#ef7447,3XL,59
198,Lane,Levington,llevington5h@goo.ne.jp,Female,223.107.232.253,No,#ed300d,3XL,71
199,Domenic,Antognetti,dantognetti5i@cocolog-nifty.com,Male,179.159.83.135,Yes,#aa7ded,L,19
200,Karoly,Pimley,kpimley5j@hibu.com,Male,255.43.121.41,Yes,#8e2daf,L,66
201,Marty,D'Aulby,mdaulby5k@booking.com,Male,254.68.164.131,Yes,#bf5336,XS,48
202,Town,Jeckell,tjeckell5l@nbcnews.com,Male,221.226.251.170,Yes,#84f85d,XS,25
203,Karoly,Esland,kesland5m@house.gov,Female,44.70.51.167,No,#a59de1,L,52
204,Ondrea,Pauncefort,opauncefort5n@google.ru,Female,13.29.21.108,Yes,#8816b2,M,86
205,Gery,Moretto,gmoretto5o@virginia.edu,Male,24.2.223.97,Yes,#3df41b,XS,52
206,Genni,Wrenn,gwrenn5p@slashdot.org,Female,80.29.123.94,Yes,#05a276,L,68
207,Caressa,Senussi,csenussi5q@usnews.com,Female,210.129.2.216,No,#54e8e4,XS,77
208,Ravid,Swetland,rswetland5r@opera.com,Male,30.5.177.129,Yes,#934c4f,L,46
209,Marlena,Salthouse,msalthouse5s@archive.org,Female,168.183.186.99,No,#206a4e,3XL,81
210,Sascha,Shuttlewood,sshuttlewood5t@java.com,Male,192.179.206.215,Yes,#d7fa77,L,92
211,Amabel,Weathers,aweathers5u@instagram.com,Female,91.227.17.148,No,#e2a300,XS,59
212,Gretna,Depka,gdepka5v@surveymonkey.com,Female,53.22.200.196,Yes,#09b4c5,2XL,70
213,Mildrid,Coulthard,mcoulthard5w@dmoz.org,Female,253.217.166.246,Yes,#9e4260,3XL,39
214,Holden,Quibell,hquibell5x@addthis.com,Male,95.253.20.103,Yes,#383d8f,M,75
215,Georgina,McPolin,gmcpolin5y@liveinternet.ru,Female,56.125.205.188,Yes,#3ca617,XS,20
216,Tessy,Hugli,thugli5z@diigo.com,Female,148.142.127.130,Yes,#af3f7d,M,33
217,Rriocard,Whyke,rwhyke60@mtv.com,Male,145.177.191.173,Yes,#d5fe19,XS,24
218,Chris,Krienke,ckrienke61@bluehost.com,Male,140.83.8.183,Yes,#357be9,XS,57
219,Rickard,Stoneley,rstoneley62@netlog.com,Male,230.243.11.13,Yes,#833f57,M,32
220,Glennie,Nussen,gnussen63@fotki.com,Female,9.187.179.54,Yes,#b62cce,XS,25
221,Corrina,Downe,cdowne64@prnewswire.com,Female,19.238.160.7,Yes,#548672,XS,68
222,Maureen,Bridgeman,mbridgeman65@pinterest.com,Female,203.69.21.226,No,#9091a4,M,34
223,Matthieu,Dasent,mdasent66@paginegialle.it,Male,42.48.6.32,Yes,#2218f6,M,36
224,Rodrique,Ioannidis,rioannidis67@scientificamerican.com,Male,31.136.204.42,No,#61b026,XL,68
225,Raoul,Rochewell,rrochewell68@symantec.com,Male,226.159.128.10,Yes,#dd04c4,S,85
226,Cyrille,Girardi,cgirardi69@newyorker.com,Male,15.136.78.217,Yes,#af1a71,XL,79
227,Marty,Roubay,mroubay6a@pcworld.com,Male,194.236.227.24,No,#3968f7,XL,39
228,Broddy,Mellenby,bmellenby6b@disqus.com,Male,72.100.25.69,No,#221cf8,3XL,27
229,Moishe,Pinyon,mpinyon6c@yellowbook.com,Male,105.189.226.194,Yes,#6ee5c4,2XL,88
230,Kirbie,Minelli,kminelli6d@boston.com,Female,129.241.80.238,No,#eec438,XL,30
231,Randall,Manntschke,rmanntschke6e@europa.eu,Male,34.25.213.237,Yes,#ce6e33,3XL,62
232,Conroy,Skyrme,cskyrme6f@irs.gov,Male,214.117.188.167,No,#f494e3,M,37
234,Caressa,Brister,cbrister6h@pcworld.com,Female,155.239.187.1,No,#d6d280,3XL,58
235,Lucine,Shelborne,lshelborne6i@java.com,Female,73.37.27.163,No,#54aeb9,XS,81
236,Jameson,Selwyn,jselwyn6j@tinypic.com,Male,241.242.191.160,Yes,#09bf23,XS,61
237,Cristin,Berfoot,cberfoot6k@netvibes.com,Female,162.235.240.171,No,#4063f1,L,78
238,Dora,Washington,dwashington6l@blog.com,Female,87.44.187.126,Yes,#e51ce6,3XL,40
239,Sergeant,Wisam,swisam6m@telegraph.co.uk,Male,96.9.4.65,Yes,#9a743d,M,26
240,Boot,Edelmann,bedelmann6n@spiegel.de,Male,29.225.40.193,Yes,#0ec361,3XL,84
241,Tomasina,Antos,tantos6o@imdb.com,Female,245.196.30.90,Yes,#d64476,XL,24
242,Oralee,Millin,omillin6p@marriott.com,Female,99.77.120.187,Yes,#a69963,S,28
243,Lauretta,Colson,lcolson6q@dropbox.com,Female,227.55.125.77,Yes,#c39e98,S,63
244,Gary,Podd,gpodd6r@hexun.com,Male,149.139.26.162,Yes,#6ea094,2XL,77
245,Nelson,Emeny,nemeny6s@is.gd,Male,163.89.89.251,Yes,#73448b,M,80
246,Ophelie,Wynes,owynes6t@umich.edu,Female,112.145.142.151,Yes,#0eac38,S,52
247,Luther,Rankling,lrankling6u@bigcartel.com,Male,23.127.182.252,No,#0e7e5f,M,56
248,Jenilee,Peyro,jpeyro6v@lycos.com,Female,227.130.162.45,No,#1c2d24,2XL,88
249,Tully,Tossell,ttossell6w@feedburner.com,Male,250.147.224.244,Yes,#7de3f9,L,34
250,Tristan,Collomosse,tcollomosse6x@delicious.com,Male,152.76.183.86,No,#e14794,2XL,24
251,D'arcy,Cheesman,dcheesman6y@craigslist.org,Male,158.16.211.80,No,#58979d,2XL,50
252,Ingram,Kaasmann,ikaasmann6z@bloglovin.com,Male,100.35.121.8,No,#a1df05,2XL,73
253,Edsel,Secretan,esecretan70@parallels.com,Male,218.41.180.60,Yes,#f7b309,XL,60
254,Basia,Fenck,bfenck71@parallels.com,Female,206.76.140.140,No,#60cc39,M,36
255,Amerigo,Guild,aguild72@jiathis.com,Male,50.18.219.116,No,#0e5424,2XL,26
256,Norris,Coch,ncoch73@netvibes.com,Male,12.108.195.172,Yes,#00dc08,3XL,88
257,Garry,Crackett,gcrackett74@sina.com.cn,Male,255.11.245.39,No,#ba0dd9,L,45
258,Jan,Laying,jlaying75@booking.com,Male,162.41.91.145,Yes,#7e22c9,XL,91
259,Brooke,Waller-Bridge,bwallerbridge76@blog.com,Female,137.84.104.122,Yes,#607eb6,XL,25
260,Kurtis,Whitelock,kwhitelock77@sfgate.com,Male,4.74.33.108,No,#a3c324,M,75
261,Juanita,Whittington,jwhittington78@comsenz.com,Female,62.171.120.68,No,#86665c,XS,34
262,Iorgos,Bonanno,ibonanno79@admin.ch,Male,132.142.98.239,No,#e5d3b9,XL,52
263,Abbey,Soans,asoans7a@smugmug.com,Male,26.214.252.217,Yes,#9b99c7,3XL,26
264,Zebadiah,Asple,zasple7b@opera.com,Male,37.12.137.236,Yes,#ad281f,S,52
265,Gerald,Hirschmann,ghirschmann7c@guardian.co.uk,Male,209.196.151.184,Yes,#8785c6,2XL,33
266,Aurelie,McMonnies,amcmonnies7d@guardian.co.uk,Female,168.24.120.44,Yes,#4ca3e1,S,33
267,Tobe,Stevens,tstevens7e@weebly.com,Female,64.24.117.105,No,#d0551d,XS,74
268,Jaquenetta,Blakiston,jblakiston7f@alibaba.com,Female,65.88.52.233,No,#fb93d3,XS,80
269,Doy,Lockhart,dlockhart7g@slashdot.org,Male,131.31.62.186,No,#63a065,L,58
270,Starlene,Ripley,sripley7h@live.com,Female,56.17.93.232,Yes,#b1db6a,L,60
271,Terrie,Anelay,tanelay7i@imgur.com,Female,189.203.190.164,Yes,#fa7536,2XL,92
272,Daniella,Ciciotti,dciciotti7j@reference.com,Female,169.32.49.212,No,#a4adb3,XS,53
273,Carmencita,Larrie,clarrie7k@ft.com,Female,98.159.74.252,Yes,#31acfd,3XL,60
274,Tiebold,Scintsbury,tscintsbury7l@1688.com,Male,132.245.255.248,Yes,#aaa749,S,83
275,Murial,Audley,maudley7m@wikipedia.org,Female,253.135.179.160,Yes,#a64383,S,55
276,Tierney,Bearsmore,tbearsmore7n@auda.org.au,Female,106.205.54.217,No,#f66a2e,L,25
277,Elroy,Sedgwick,esedgwick7o@hp.com,Male,213.253.26.179,Yes,#f944e2,XS,90
278,Courtenay,Halwood,chalwood7p@jalbum.net,Female,40.123.87.85,Yes,#3870a0,2XL,73
279,Samantha,Sentance,ssentance7q@flavors.me,Female,104.60.197.176,Yes,#9886c6,2XL,53
280,Kareem,Samet,ksamet7r@businessweek.com,Male,82.35.22.225,Yes,#25e434,L,59
281,Gregoor,Marl,gmarl7s@time.com,Male,16.2.39.129,Yes,#1a4ec7,M,71
282,Gaylene,Grain,ggrain7t@wordpress.com,Female,30.84.148.39,Yes,#084ebf,XL,74
283,Joshuah,Densumbe,jdensumbe7u@people.com.cn,Male,239.109.188.58,Yes,#2af086,S,89
284,Olivia,Hedderly,ohedderly7v@ftc.gov,Female,88.193.141.202,Yes,#8b5fda,S,42
285,Hagen,Readie,hreadie7w@1688.com,Male,34.200.2.217,Yes,#f78cf0,2XL,84
286,Sigfrid,Cator,scator7x@wisc.edu,Male,24.71.25.244,No,#074e8e,M,76
287,Alverta,Fitzjohn,afitzjohn7y@sakura.ne.jp,Female,245.164.63.165,No,#4ffdc6,XS,21
288,Barthel,McDuffy,bmcduffy7z@altervista.org,Male,208.79.82.58,No,#8fc0ee,L,31
289,Rawley,Larrat,rlarrat80@fotki.com,Male,242.19.143.43,Yes,#f9e8dd,XL,27
290,Georgi,Jori,gjori81@nbcnews.com,Male,250.139.209.18,Yes,#ab6f2d,L,86
291,Ellene,Kynston,ekynston82@blogger.com,Female,219.98.80.128,No,#1ec780,S,29
292,Vassili,Hirsthouse,vhirsthouse83@ihg.com,Male,37.241.181.137,No,#fdeb86,M,80
293,Nico,Beathem,nbeathem84@photobucket.com,Male,21.249.157.207,Yes,#117fc6,XS,35
294,Aldus,Tabord,atabord85@altervista.org,Male,154.64.15.116,No,#196a86,XL,72
295,Aldus,Wooffinden,awooffinden86@ca.gov,Male,157.73.30.102,Yes,#f66bda,3XL,65
296,Wren,McClinton,wmcclinton87@bbc.co.uk,Female,195.183.23.134,No,#99ea71,3XL,24
297,Earle,Tyne,etyne88@acquirethisname.com,Male,73.234.222.173,No,#79c0d1,XS,49
298,Erina,Bloyes,ebloyes89@usa.gov,Female,126.169.255.43,No,#19314d,XL,23
299,Adelice,Peyton,apeyton8a@ezinearticles.com,Female,137.0.240.1,No,#468d39,3XL,47
300,Rodolph,Govey,rgovey8b@independent.co.uk,Male,58.207.204.66,Yes,#0b4640,3XL,21
301,Bonita,Briton,bbriton8c@trellian.com,Female,250.116.2.27,Yes,#7b1344,XS,64
302,Aileen,Tuxell,atuxell8d@salon.com,Female,190.92.215.92,No,#44dec7,XS,81
303,Annissa,Stefi,astefi8e@thetimes.co.uk,Female,108.99.116.28,Yes,#aa6a87,3XL,23
304,Pennie,Abdy,pabdy8f@wired.com,Male,49.6.137.65,Yes,#79fcbc,XS,88
305,Adara,Haffner,ahaffner8g@yahoo.co.jp,Female,149.159.40.249,Yes,#cb5867,XS,74
306,Calhoun,Stolberger,cstolberger8h@nationalgeographic.com,Male,251.164.26.32,No,#6e9222,2XL,51
307,Waverley,Paddon,wpaddon8i@cbsnews.com,Male,205.144.252.23,No,#1c12fd,3XL,91
308,Karol,Drissell,kdrissell8j@sbwire.com,Female,126.203.167.253,No,#dc6b29,M,61
309,Hewitt,Bonin,hbonin8k@naver.com,Male,213.149.112.212,No,#fa2def,M,80
310,Dylan,Briddock,dbriddock8l@4shared.com,Male,145.170.231.144,Yes,#42f72b,XS,86
311,Aila,Fluck,afluck8m@google.es,Female,105.49.200.22,Yes,#fdcea8,3XL,58
312,Fernandina,Domerque,fdomerque8n@friendfeed.com,Female,214.41.47.119,No,#8f8d7a,2XL,19
313,Colby,Fadden,cfadden8o@youtu.be,Male,169.248.254.22,Yes,#88987c,S,80
314,Gustave,Voules,gvoules8p@gov.uk,Male,219.252.59.210,Yes,#4638d7,S,50
315,Delinda,Gunda,dgunda8q@zdnet.com,Female,39.8.48.146,Yes,#f156f0,XL,28
316,Maria,Gerrard,mgerrard8r@fda.gov,Female,238.156.93.199,No,#50e7fc,L,74
317,Killie,Dudenie,kdudenie8s@techcrunch.com,Male,212.222.10.190,Yes,#f5cf6e,XL,20
318,Galven,Clement,gclement8t@state.gov,Male,206.71.192.59,No,#1b829a,S,22
319,Zarla,Presslie,zpresslie8u@arstechnica.com,Female,32.225.152.208,Yes,#0bcf4d,2XL,35
320,Adella,Claybourne,aclaybourne8v@berkeley.edu,Female,254.237.201.190,No,#2b05c0,L,56
321,Theo,Bermingham,tbermingham8w@gmpg.org,Male,238.195.203.97,No,#a50923,L,89
322,Lida,Pothbury,lpothbury8x@rakuten.co.jp,Female,6.229.151.149,No,#1d30ef,XL,57
325,Iorgo,Moffett,imoffett90@dyndns.org,Male,233.232.161.159,Yes,#7c9057,L,18
326,Barnett,Niezen,bniezen91@prlog.org,Male,191.218.14.125,Yes,#9c4aee,XS,46
327,Gretna,Makeswell,gmakeswell92@blogger.com,Female,159.193.76.189,Yes,#a226e3,XS,88
328,Bennie,Clowley,bclowley93@arizona.edu,Female,147.226.100.70,Yes,#a4f36b,XL,54
329,Trumann,Elmore,telmore94@irs.gov,Male,150.138.150.129,No,#c7cd19,M,76
330,Hans,Kestian,hkestian95@statcounter.com,Male,169.88.110.118,Yes,#0ac2c8,XS,84
331,Peterus,Sute,psute96@blogs.com,Male,143.9.49.110,No,#ef46e4,2XL,87
332,Adria,Marcroft,amarcroft97@angelfire.com,Female,173.156.120.192,No,#0b25d6,M,26
333,Pedro,Sasser,psasser98@wix.com,Male,116.231.165.38,No,#3101c6,3XL,82
334,Cori,Thomasset,cthomasset99@miitbeian.gov.cn,Female,161.91.197.215,Yes,#73b448,XS,50
335,Godart,Bowld,gbowld9a@bluehost.com,Male,200.38.115.56,No,#986e8c,M,37
336,Fredelia,McKevin,fmckevin9b@topsy.com,Female,33.91.107.23,Yes,#40b778,XL,92
337,Courtnay,Kelberman,ckelberman9c@cnbc.com,Male,228.208.163.135,Yes,#ed4ef5,2XL,20
338,Blayne,Boyer,bboyer9d@bloglines.com,Male,6.53.159.150,No,#5448f1,XL,90
339,Shellysheldon,Obin,sobin9e@npr.org,Male,255.164.246.44,Yes,#558507,2XL,50
340,Doris,Brosetti,dbrosetti9f@networkadvertising.org,Female,223.75.162.125,No,#12ae45,S,69
341,Horatio,Cudbertson,hcudbertson9g@tamu.edu,Male,249.229.220.206,No,#0e0ae9,S,86
342,Donnajean,Hemerijk,dhemerijk9h@mayoclinic.com,Female,15.196.98.100,Yes,#c9ede6,S,39
343,Giusto,Spurrior,gspurrior9i@sogou.com,Male,252.182.184.58,No,#303fc0,L,85
344,Corey,Rayburn,crayburn9j@parallels.com,Female,21.19.34.219,Yes,#6028d0,XL,58
345,Elianora,Saipy,esaipy9k@com.com,Female,220.226.155.250,Yes,#eae997,XS,18
346,Blinni,Gillian,bgillian9l@indiatimes.com,Female,244.72.141.249,Yes,#c65e29,XL,75
347,Elias,Owen,eowen9m@e-recht24.de,Male,160.159.218.96,Yes,#d9a057,M,49
348,Bab,Backshell,bbackshell9n@issuu.com,Female,22.18.226.213,No,#01b6c7,XL,18
349,Sterne,Sanders,ssanders9o@intel.com,Male,66.203.99.68,Yes,#f7ea54,XS,29
350,Min,Cathee,mcathee9p@livejournal.com,Female,214.202.255.68,Yes,#9904da,M,61
351,Monte,Lindro,mlindro9q@aboutads.info,Male,86.231.170.165,Yes,#80c134,L,92
352,Arther,Golborn,agolborn9r@cnn.com,Male,33.26.128.133,Yes,#b8bc22,3XL,23
353,Lainey,MacCarrane,lmaccarrane9s@ucsd.edu,Female,229.206.157.242,Yes,#adefec,S,79
354,Aldous,Plumm,aplumm9t@cbc.ca,Male,255.67.51.168,Yes,#6a0d29,XL,83
355,Lawry,Beckinsall,lbeckinsall9u@wix.com,Male,39.137.130.113,Yes,#741653,M,68
356,Dallon,Foss,dfoss9v@homestead.com,Male,91.116.13.123,Yes,#4c9813,S,78
357,Jackelyn,Pendock,jpendock9w@cargocollective.com,Female,21.13.121.132,Yes,#315240,XS,36
358,Jarrod,Bartosinski,jbartosinski9x@ucsd.edu,Male,77.57.72.74,No,#3d47a7,2XL,92
359,Penny,Danslow,pdanslow9y@mit.edu,Female,251.117.148.14,Yes,#da8380,XS,53
360,Bevan,Donaghy,bdonaghy9z@hexun.com,Male,201.122.210.77,No,#d6342f,S,19
361,Marty,Setterthwait,msetterthwaita0@europa.eu,Female,163.198.136.123,No,#dcf036,XL,44
362,Agretha,Lamburn,alamburna1@techcrunch.com,Female,136.220.140.92,Yes,#f7eaa8,XS,36
363,North,Rankin,nrankina2@japanpost.jp,Male,67.217.189.38,Yes,#2c9357,L,50
364,Crawford,Dahmke,cdahmkea3@canalblog.com,Male,141.9.182.170,No,#02deec,2XL,86
365,Gerek,Roseman,grosemana4@list-manage.com,Male,208.205.184.58,No,#d8ead2,2XL,48
366,Hilliary,Kencott,hkencotta5@reference.com,Female,25.10.170.118,Yes,#b92543,XL,47
367,Kareem,Gentreau,kgentreaua6@state.tx.us,Male,30.135.117.212,No,#54001e,3XL,51
368,Jerry,Learie,jleariea7@gnu.org,Male,33.143.57.99,Yes,#068a7f,2XL,47
369,Claire,Withull,cwithulla8@yolasite.com,Female,236.9.248.127,No,#a52480,XL,74
370,Darin,Stonary,dstonarya9@eepurl.com,Male,67.252.155.62,No,#960727,2XL,55
371,Sinclare,Arnold,sarnoldaa@rediff.com,Male,88.81.76.62,Yes,#bdf732,XS,59
372,Merill,Dougliss,mdouglissab@prweb.com,Male,139.70.38.171,No,#28ebc0,3XL,63
373,Swen,Easterbrook,seasterbrookac@joomla.org,Male,74.239.164.53,Yes,#f30018,L,82
374,Antonin,Clempton,aclemptonad@kickstarter.com,Male,142.251.139.14,Yes,#859838,2XL,65
375,Haydon,Andreone,handreoneae@upenn.edu,Male,107.7.61.181,No,#527136,S,22
376,Jack,Lowre,jlowreaf@ameblo.jp,Male,249.209.25.244,Yes,#c12f35,3XL,53
377,Calla,Ilyasov,cilyasovag@bbb.org,Female,92.252.118.173,No,#66ffa3,3XL,71
378,Almeda,Breacher,abreacherah@discovery.com,Female,197.213.72.238,Yes,#b4e0f6,L,18
379,Nissie,MacLennan,nmaclennanai@spiegel.de,Female,134.209.208.220,Yes,#8cf820,XL,76
380,Jenica,Macura,jmacuraaj@spiegel.de,Female,151.9.16.167,No,#d67840,3XL,55
381,Eada,Barbery,ebarberyak@cocolog-nifty.com,Female,249.36.114.77,No,#83a4f3,XL,25
382,Lynnet,Johnson,ljohnsonal@unblog.fr,Female,81.139.142.250,Yes,#21bf9e,XS,27
383,Dallas,MacHarg,dmachargam@umn.edu,Female,181.243.219.204,No,#8dc79c,XL,59
384,Braden,Geipel,bgeipelan@wikia.com,Male,193.122.238.155,Yes,#7bacce,S,52
385,Casi,Gilchriest,cgilchriestao@de.vu,Female,125.232.247.124,No,#ce5bb1,L,69
386,Harlin,Cawthery,hcawtheryap@moonfruit.com,Male,56.18.182.243,No,#a12e23,L,67
387,Jaquenette,Coppock.,jcoppockaq@wikipedia.org,Female,223.198.148.8,No,#338923,3XL,90
388,Vina,Ricart,vricartar@archive.org,Female,185.52.13.91,No,#729f60,S,83
389,Sarajane,Hartnell,shartnellas@newsvine.com,Female,37.230.241.181,No,#dbabc9,S,62
390,Nowell,Brecher,nbrecherat@netvibes.com,Male,64.233.82.203,No,#f06837,M,27
391,Waylin,Mullord,wmullordau@nytimes.com,Male,193.51.204.96,No,#7faee2,L,41
392,Gan,Sawdon,gsawdonav@opensource.org,Male,135.135.92.245,Yes,#be7943,XL,64
393,Essie,Aspital,easpitalaw@upenn.edu,Female,3.190.34.14,No,#ce5d66,M,31
394,Hyacinthia,Matejovsky,hmatejovskyax@cbslocal.com,Female,98.27.193.236,No,#dc3121,XS,47
395,Wainwright,McGaraghan,wmcgaraghanay@usgs.gov,Male,19.179.164.71,Yes,#f2152f,2XL,75
396,Zacharia,Leere,zleereaz@yellowpages.com,Male,169.163.254.54,No,#497a6b,M,81
397,Allie,Brewett,abrewettb0@businessinsider.com,Female,10.173.240.193,No,#1c56e1,XL,68
398,Jackquelin,Bosche,jboscheb1@google.ru,Female,157.226.84.161,No,#d7be69,3XL,26
399,Wolfy,Howis,whowisb2@ox.ac.uk,Male,55.71.128.135,No,#f6ea88,M,35
400,Casie,Fish,cfishb3@amazon.co.jp,Female,229.215.155.164,Yes,#a0ed8e,2XL,83
401,Sallie,Havill,shavillb4@wordpress.org,Female,149.254.117.98,No,#f241a0,M,27
402,Ephrem,Mewe,emeweb5@t-online.de,Male,221.193.112.192,Yes,#69e191,S,58
403,Umberto,Pittet,upittetb6@blog.com,Male,63.86.71.55,Yes,#8f8a00,L,59
404,Lock,Stanmer,lstanmerb7@addthis.com,Male,176.113.190.226,Yes,#6bdadb,3XL,63
405,Kareem,Blackly,kblacklyb8@tinypic.com,Male,0.102.205.14,Yes,#6df013,S,91
406,Gloriane,Ascough,gascoughb9@globo.com,Female,156.211.61.186,No,#fbe59b,L,75
407,Jorrie,Morgon,jmorgonba@linkedin.com,Female,32.13.117.96,Yes,#2e2a5e,XL,52
408,Yetty,Sawart,ysawartbb@economist.com,Female,243.246.53.178,Yes,#7cf55c,L,75
409,Rosana,Murkitt,rmurkittbc@oaic.gov.au,Female,182.174.64.136,No,#3b4584,M,45
410,Jareb,Hartly,jhartlybd@deviantart.com,Male,97.109.207.177,Yes,#18f54a,XL,89
411,Harv,Tuison,htuisonbe@china.com.cn,Male,33.183.81.66,No,#8657d7,3XL,24
412,Derril,Harnes,dharnesbf@huffingtonpost.com,Male,171.230.175.62,No,#6fa7d0,2XL,84
413,Hestia,Rehn,hrehnbg@redcross.org,Female,224.213.197.126,Yes,#3fe301,L,82
414,Amos,Jackalin,ajackalinbh@ask.com,Male,88.70.15.122,Yes,#5a8213,S,50
415,Leontyne,Baudts,lbaudtsbi@umn.edu,Female,204.94.74.141,Yes,#0caf9e,S,46
416,Kial,Canellas,kcanellasbj@tiny.cc,Female,105.31.96.227,Yes,#89ae93,XL,24
417,Vinny,Lembke,vlembkebk@examiner.com,Male,32.219.110.220,No,#be7ac2,M,73
418,Fred,Asplin,fasplinbl@huffingtonpost.com,Male,8.98.2.223,No,#09c759,S,61
419,Xena,Roselli,xrosellibm@miibeian.gov.cn,Female,140.67.5.175,No,#20e296,M,42
420,Star,Doblin,sdoblinbn@sourceforge.net,Female,2.178.71.253,No,#dc10e8,3XL,61
421,Godfry,Tilburn,gtilburnbo@usa.gov,Male,47.123.7.203,No,#54ed81,XL,49
422,Ginnifer,Girling,ggirlingbp@ebay.com,Female,182.82.104.206,Yes,#8d4ac8,XL,68
423,Kaia,Gladden,kgladdenbq@acquirethisname.com,Female,63.225.247.25,Yes,#315cc2,XL,20
424,Rae,Dibbert,rdibbertbr@alibaba.com,Female,104.204.43.36,Yes,#b77bb1,L,80
425,Mackenzie,Upchurch,mupchurchbs@nasa.gov,Male,108.35.67.255,No,#050310,2XL,43
426,Duane,Olenov,dolenovbt@imdb.com,Male,114.168.2.129,Yes,#f703b8,XS,59
427,Derick,Canton,dcantonbu@eepurl.com,Male,7.87.185.53,No,#3cd5de,M,71
428,Johnathon,Mugglestone,jmugglestonebv@bloglovin.com,Male,122.74.69.181,Yes,#ad81b1,2XL,65
429,Maisie,De Hooge,mdehoogebw@zdnet.com,Female,86.244.227.134,No,#ed9a0d,3XL,78
430,Aubrey,McIlvaney,amcilvaneybx@twitpic.com,Male,156.219.27.91,Yes,#a50b9e,XL,76
431,Thain,Dysert,tdysertby@comsenz.com,Male,46.254.206.91,No,#0475d5,L,85
432,Agustin,Killelay,akillelaybz@princeton.edu,Male,208.4.220.8,Yes,#b31684,3XL,81
433,Reeva,Ryan,rryanc0@php.net,Female,248.149.250.170,Yes,#a840a7,3XL,31
434,Orsa,Wayte,owaytec1@usnews.com,Female,107.25.134.164,Yes,#f58e9d,XL,26
435,Rene,Ballam,rballamc2@ehow.com,Male,53.162.190.171,No,#b78a46,XS,70
436,Demetria,Casaro,dcasaroc3@reddit.com,Female,37.239.152.70,Yes,#fa1cf5,S,92
437,Jdavie,Molyneux,jmolyneuxc4@xing.com,Male,213.86.220.84,Yes,#0f4e1c,3XL,74
438,Miltie,Spurdon,mspurdonc5@freewebs.com,Male,221.77.188.78,Yes,#782e56,3XL,45
439,Tabby,Lines,tlinesc6@dailymotion.com,Male,213.50.89.235,Yes,#407130,2XL,57
440,Layton,Renn,lrennc7@smugmug.com,Male,47.250.54.25,No,#b219cb,S,25
441,Tatum,Rouch,trouchc8@answers.com,Female,73.251.41.237,Yes,#63bd90,XS,65
442,Eve,Adanez,eadanezc9@pagesperso-orange.fr,Female,104.28.13.118,Yes,#407d2d,S,61
443,Janina,Jaggi,jjaggica@sourceforge.net,Female,202.125.53.43,No,#f3aa6c,S,84
444,Buckie,Chappell,bchappellcb@cnn.com,Male,157.145.11.130,Yes,#cc64bf,M,53
445,Caron,Storrah,cstorrahcc@google.it,Female,3.68.220.162,No,#f83730,3XL,42
446,Zarah,Fidgeon,zfidgeoncd@java.com,Female,174.144.94.33,No,#e9a8b9,L,90
447,Hymie,Klulik,hklulikce@cbsnews.com,Male,205.208.27.91,No,#8efdaf,S,92
448,Yale,Lamswood,ylamswoodcf@netscape.com,Male,118.178.89.76,Yes,#7a2736,XL,66
449,Wynny,Kilrow,wkilrowcg@examiner.com,Female,202.18.211.6,No,#1c69bf,3XL,65
450,Ian,Mereweather,imereweatherch@twitpic.com,Male,24.53.251.163,Yes,#bb4a5c,L,20
451,Gladi,Barizeret,gbarizeretci@cam.ac.uk,Female,101.34.38.44,Yes,#d6abbe,L,37
452,Aeriel,Nesby,anesbycj@europa.eu,Female,193.145.226.114,Yes,#79d105,XS,48
453,Eugenie,Derx,ederxck@sciencedirect.com,Female,116.156.227.226,No,#f0970c,L,24
454,Concettina,Batters,cbatterscl@vistaprint.com,Female,35.154.185.2,No,#e93abd,2XL,40
455,Gunar,Tuddall,gtuddallcm@weibo.com,Male,223.140.132.220,No,#ae225d,XS,33
456,Shalna,Labrom,slabromcn@behance.net,Female,3.254.190.185,No,#866a93,XS,87
457,Wolfy,Mayte,wmayteco@bloomberg.com,Male,232.93.168.209,No,#34da48,S,59
458,Friedrich,L'Hommee,flhommeecp@so-net.ne.jp,Male,179.68.89.147,No,#6c79b7,2XL,24
459,Becca,Eilles,beillescq@boston.com,Female,83.83.118.110,Yes,#9f85f6,XL,36
460,Nickola,McGowan,nmcgowancr@nsw.gov.au,Male,25.10.108.171,Yes,#e13c69,3XL,79
461,Krystalle,Tolworthy,ktolworthycs@parallels.com,Female,106.187.230.215,No,#bdd91b,XS,54
462,Eva,Clericoates,eclericoatesct@pagesperso-orange.fr,Female,103.195.147.110,Yes,#cf562c,2XL,29
463,Lemar,Surmon,lsurmoncu@spiegel.de,Male,131.142.89.87,Yes,#5698cd,XL,34
466,Lynnea,Ellam,lellamcx@businesswire.com,Female,121.160.249.232,No,#6378d3,L,18
467,Morton,Petruskevich,mpetruskevichcy@nih.gov,Male,142.118.106.197,No,#8e132d,2XL,41
468,Rhiamon,Cumpton,rcumptoncz@geocities.com,Female,26.210.34.223,Yes,#402e72,XS,35
469,Roseanne,Basillon,rbasillond0@patch.com,Female,48.4.44.63,No,#e751ad,XL,87
470,Bathsheba,Blaxlande,bblaxlanded1@desdev.cn,Female,202.74.240.138,Yes,#73fc2d,M,79
471,Yul,Gaishson,ygaishsond2@auda.org.au,Male,246.168.25.110,Yes,#c06443,M,76
472,Stella,Koschek,skoschekd3@yahoo.com,Female,199.87.240.88,No,#74c3ea,M,35
473,Camella,Hodinton,chodintond4@skype.com,Female,123.83.137.254,No,#bc2a02,3XL,66
474,Frazer,Mapam,fmapamd5@biglobe.ne.jp,Male,209.86.110.57,Yes,#d430a5,S,89
475,Chilton,Liggens,cliggensd6@woothemes.com,Male,50.51.74.248,Yes,#fb0d65,2XL,78
476,Delilah,Possell,dposselld7@purevolume.com,Female,82.78.60.177,No,#90f838,S,66
477,Bartholomew,Kemwall,bkemwalld8@rakuten.co.jp,Male,243.241.144.183,Yes,#e5f33a,XL,22
478,Ninetta,Tetlow,ntetlowd9@prnewswire.com,Female,223.190.2.131,Yes,#09fb9c,S,86
479,Zulema,Elam,zelamda@delicious.com,Female,139.96.246.80,Yes,#4ef610,L,91
480,Melisandra,Armfirld,marmfirlddb@virginia.edu,Female,181.212.87.212,Yes,#c7cab4,XL,37
481,Vally,Lewty,vlewtydc@economist.com,Female,149.94.126.146,No,#8b214b,L,88
482,Marga,Pavyer,mpavyerdd@buzzfeed.com,Female,70.123.53.22,No,#d736d6,S,53
483,Tabbitha,Moatt,tmoattde@state.tx.us,Female,202.36.193.230,Yes,#923900,M,78
484,Edi,Davern,edaverndf@acquirethisname.com,Female,68.49.150.61,No,#664838,M,57
485,Silvio,Cham,schamdg@alibaba.com,Male,191.203.62.84,Yes,#8ccffe,L,68
486,Hugibert,Donoher,hdonoherdh@upenn.edu,Male,130.218.182.174,No,#1ccdb4,XL,74
487,Koressa,Miroy,kmiroydi@barnesandnoble.com,Female,90.172.117.100,No,#db9220,XL,88
488,Erskine,Coye,ecoyedj@123-reg.co.uk,Male,242.50.42.2,No,#8bed7d,2XL,31
489,Timmie,Clamo,tclamodk@wikipedia.org,Male,243.97.14.169,Yes,#52179a,S,27
490,Dante,Ansett,dansettdl@example.com,Male,196.254.138.139,Yes,#4c16b7,S,26
491,Pierson,Abrashkin,pabrashkindm@cargocollective.com,Male,29.166.223.255,Yes,#3188a1,L,81
492,Daniella,Lynett,dlynettdn@nydailynews.com,Female,23.116.73.49,No,#7986f2,S,33
493,Christa,Lawrinson,clawrinsondo@imageshack.us,Female,76.127.171.155,No,#7f7729,XL,54
494,Miguela,Siaspinski,msiaspinskidp@dedecms.com,Female,241.31.84.105,Yes,#5e02de,3XL,88
495,Leopold,de Keep,ldekeepdq@epa.gov,Male,83.122.113.206,Yes,#1e8963,3XL,46
496,Tildi,Pittem,tpittemdr@google.de,Female,86.80.163.173,No,#5b7428,3XL,57
497,Horst,Cubbin,hcubbinds@comsenz.com,Male,137.43.191.159,No,#0891af,L,74
498,Vidovic,Lonnon,vlonnondt@bbb.org,Male,153.57.226.123,No,#4524cb,S,51
499,Clari,Skrzynski,cskrzynskidu@narod.ru,Female,135.228.157.185,No,#d93a75,S,40
500,Duky,Tellenbrook,dtellenbrookdv@yellowbook.com,Male,40.114.237.90,No,#6c8d7a,2XL,68
501,Jason,Quiddinton,jquiddintondw@blogspot.com,Male,168.84.222.164,No,#fa830a,2XL,92
502,Eustace,Weighell,eweighelldx@slate.com,Male,153.133.14.56,No,#dd3e95,XL,21
503,Maurine,Noad,mnoaddy@biglobe.ne.jp,Female,241.74.68.122,No,#747db0,XS,67
504,Bethina,Morant,bmorantdz@4shared.com,Female,39.86.1.136,No,#a10035,3XL,26
505,Debi,Lyes,dlyese0@netvibes.com,Female,195.230.156.120,No,#39358f,2XL,33
506,Hewet,Frostdick,hfrostdicke1@nature.com,Male,5.172.81.36,No,#c20810,S,28
507,Petunia,Newns,pnewnse2@ucoz.ru,Female,58.84.250.81,Yes,#014c31,XL,28
508,Audry,Sheaber,asheabere3@last.fm,Female,181.254.153.231,No,#74e1cb,XS,57
509,Wald,Baack,wbaacke4@nymag.com,Male,164.148.49.97,Yes,#71cbfe,XL,35
510,Madeline,Gemeau,mgemeaue5@cbsnews.com,Female,153.195.115.31,No,#eaf532,XS,44
511,Rob,Fusedale,rfusedalee6@imdb.com,Male,40.95.239.235,No,#0373a2,XL,83
512,Herminia,Drury,hdrurye7@msn.com,Female,196.27.181.197,Yes,#c475c3,XL,70
513,Dame,Casterton,dcastertone8@bizjournals.com,Male,55.225.1.232,Yes,#a117c2,XS,66
514,Thorny,Yoseloff,tyoseloffe9@weibo.com,Male,185.222.215.187,Yes,#38d48c,M,53
515,Dorie,Handasyde,dhandasydeea@cocolog-nifty.com,Female,130.92.166.253,No,#ccb01a,XS,76
516,Adina,Wynes,awyneseb@wikimedia.org,Female,38.176.154.139,No,#d8403e,XL,74
517,Robbyn,Base,rbaseec@buzzfeed.com,Female,227.0.224.97,No,#8707bc,L,37
518,Antin,Wastling,awastlinged@jimdo.com,Male,133.198.188.35,No,#387f1f,L,35
519,Antonina,Tothe,atotheee@pen.io,Female,156.96.226.28,No,#6265ea,S,88
520,Stesha,Gatland,sgatlandef@cdbaby.com,Female,148.247.42.57,Yes,#1a6431,3XL,46
521,Grethel,Colebourne,gcolebourneeg@moonfruit.com,Female,188.114.229.105,No,#0ff11f,L,39
522,Dermot,Thorwarth,dthorwartheh@ca.gov,Male,137.56.10.161,Yes,#7c1344,M,69
523,Alta,Asbury,aasburyei@webeden.co.uk,Female,224.17.71.93,No,#e7e66f,M,88
524,Shandie,Goggey,sgoggeyej@pagesperso-orange.fr,Female,161.77.48.30,Yes,#3bd996,L,34
525,Hestia,Chestnut,hchestnutek@hc360.com,Female,8.211.49.111,No,#07901b,XS,72
526,Jenna,Bruyet,jbruyetel@nhs.uk,Female,126.229.165.14,Yes,#2e841f,3XL,41
527,Rickard,Lochead,rlocheadem@multiply.com,Male,49.207.255.116,Yes,#3f117e,L,48
528,Morlee,Suett,msuetten@sciencedaily.com,Male,57.241.179.186,Yes,#ab2c77,M,75
529,Amos,Desorts,adesortseo@topsy.com,Male,78.58.188.125,Yes,#91d794,S,37
530,Kelli,Ruoss,kruossep@smh.com.au,Female,112.98.20.247,No,#60c078,2XL,39
531,Samara,Sapir,ssapireq@senate.gov,Female,179.183.246.169,No,#cc97ea,M,59
532,Noelani,Jamrowicz,njamrowiczer@businessweek.com,Female,234.96.173.233,No,#7a43b5,2XL,56
533,Vanna,Airy,vairyes@businessinsider.com,Female,7.218.157.184,No,#0c832f,3XL,85
534,Iain,Vasilyonok,ivasilyonoket@aol.com,Male,156.216.80.61,No,#c78aa3,3XL,49
535,Talbot,Ducrow,tducroweu@unesco.org,Male,19.219.40.250,No,#866505,XS,91
536,Elysha,Keedwell,ekeedwellev@auda.org.au,Female,249.192.76.78,Yes,#0f6abc,XS,31
537,Fanchette,Woolger,fwoolgerew@cocolog-nifty.com,Female,36.229.44.132,No,#570b7c,L,59
538,Tedra,Cottee,tcotteeex@chicagotribune.com,Female,7.48.253.164,Yes,#8b502a,2XL,91
539,Aubine,Suckling,asucklingey@fda.gov,Female,193.82.188.86,No,#db263a,S,25
540,Temp,Dureden,tduredenez@ning.com,Male,90.162.232.68,Yes,#33dbd9,S,40
541,Cosette,Duffitt,cduffittf0@bandcamp.com,Female,12.219.121.149,No,#373da2,S,23
542,Livy,Bolstridge,lbolstridgef1@desdev.cn,Female,145.215.157.13,Yes,#6c4d9c,M,51
543,Estell,Whitty,ewhittyf2@wunderground.com,Female,225.247.254.178,Yes,#f111d1,XS,82
544,Fawn,Postlethwaite,fpostlethwaitef3@live.com,Female,118.95.235.18,Yes,#468d2f,2XL,51
545,Davon,Hugo,dhugof4@techcrunch.com,Male,237.111.212.176,Yes,#e51059,3XL,22
546,Ambrose,Durbann,adurbannf5@netlog.com,Male,147.126.83.183,No,#4eecea,S,29
547,Zeke,Vowles,zvowlesf6@economist.com,Male,84.219.255.34,Yes,#846be2,XL,37
548,Terencio,Abdy,tabdyf7@alibaba.com,Male,145.204.108.82,Yes,#754692,3XL,37
549,Coraline,Comins,ccominsf8@behance.net,Female,210.227.133.195,Yes,#37fa17,XS,58
550,Livia,Carson,lcarsonf9@newyorker.com,Female,101.121.230.174,No,#0ad56d,2XL,81
551,Dani,Hulke,dhulkefa@boston.com,Female,110.129.81.25,No,#eb962b,S,65
552,Rona,McVeagh,rmcveaghfb@stanford.edu,Female,190.218.133.82,Yes,#abd0d2,S,36
553,Devi,McAirt,dmcairtfc@va.gov,Female,68.49.209.139,No,#bfcaa6,M,21
554,Corbet,Thurske,cthurskefd@irs.gov,Male,114.88.246.100,Yes,#990b32,XS,51
555,Alexandr,Maddick,amaddickfe@ed.gov,Male,47.137.238.241,No,#c97cdc,3XL,39
556,Grenville,Wooff,gwooffff@gmpg.org,Male,44.196.147.116,No,#40a1c8,XL,90
557,Joscelin,Farherty,jfarhertyfg@mapy.cz,Female,235.34.77.10,Yes,#4a5c27,2XL,74
558,Valerie,Philippe,vphilippefh@trellian.com,Female,151.42.207.12,No,#1c906a,XL,40
559,Garrik,MacCathay,gmaccathayfi@arstechnica.com,Male,223.65.161.151,No,#2edce1,L,22
560,Joanna,Pretsell,jpretsellfj@reuters.com,Female,60.157.218.86,No,#8c75f1,3XL,87
561,Frederic,Rehm,frehmfk@epa.gov,Male,63.95.183.143,No,#749f50,2XL,19
562,Nancey,Haynesford,nhaynesfordfl@privacy.gov.au,Female,209.114.223.84,No,#aa9ad4,XS,35
563,Dillie,Weeden,dweedenfm@taobao.com,Male,101.141.54.3,No,#65bc71,XS,36
564,Gianni,Serris,gserrisfn@economist.com,Male,222.226.73.247,Yes,#d0d71e,S,46
565,Germain,Kubacek,gkubacekfo@goo.gl,Male,157.73.181.145,Yes,#4e7225,S,25
566,Tonnie,Abels,tabelsfp@pcworld.com,Male,227.181.176.110,No,#dcd681,L,85
567,Aldo,Tweedie,atweediefq@alibaba.com,Male,56.0.168.243,No,#356a14,3XL,37
568,Mireielle,Gaspero,mgasperofr@disqus.com,Female,157.154.9.207,No,#fd32ae,2XL,86
569,Lorna,Blackney,lblackneyfs@sina.com.cn,Female,104.110.207.219,Yes,#e1ab17,2XL,29
570,Glennie,Pittoli,gpittolift@google.co.jp,Female,126.81.178.215,Yes,#914351,3XL,36
571,Ginnifer,Londer,glonderfu@jimdo.com,Female,133.194.143.226,No,#58aaad,XS,31
572,Sutherlan,Folliss,sfollissfv@simplemachines.org,Male,254.74.149.75,No,#48d69b,2XL,30
573,Cyndie,Fairley,cfairleyfw@phoca.cz,Female,189.147.226.24,Yes,#ab0462,S,60
574,Shelba,Hallett,shallettfx@usda.gov,Female,210.48.40.73,No,#d63f23,S,57
575,Wood,Sango,wsangofy@google.ru,Male,171.104.186.47,No,#ebcbbe,XL,73
576,Keven,MacLaughlin,kmaclaughlinfz@diigo.com,Male,154.16.106.166,Yes,#c4d18b,M,91
577,Helene,Gillbanks,hgillbanksg0@livejournal.com,Female,16.243.126.41,Yes,#234ea1,M,74
578,Cleve,Fowle,cfowleg1@psu.edu,Male,40.63.109.23,Yes,#6d47a1,XL,88
579,Phillie,Gilmore,pgilmoreg2@usa.gov,Female,0.206.178.28,Yes,#ca6b5f,XL,50
580,Norry,Powley,npowleyg3@businesswire.com,Male,243.58.38.70,Yes,#ed658d,S,45
581,Jdavie,Kelwick,jkelwickg4@apple.com,Male,85.201.41.183,Yes,#02dd7e,XS,80
582,Yvon,Skerritt,yskerrittg5@miitbeian.gov.cn,Male,133.153.216.250,Yes,#2d34b1,XL,56
583,Wilton,Lawman,wlawmang6@globo.com,Male,46.194.40.153,No,#853e10,XS,30
584,Archibaldo,Lardier,alardierg7@ebay.co.uk,Male,242.238.54.53,No,#9390e9,S,62
585,Laney,Najafian,lnajafiang8@admin.ch,Female,72.2.22.221,Yes,#e6177b,XL,51
586,Trevor,McCuthais,tmccuthaisg9@cnbc.com,Male,65.66.156.166,Yes,#19316a,XL,92
587,Tandi,Scurrah,tscurrahga@upenn.edu,Female,210.184.150.113,No,#7e2356,3XL,92
588,Arel,Blitzer,ablitzergb@slideshare.net,Male,255.163.222.226,No,#045f73,L,51
589,Windham,Hamson,whamsongc@boston.com,Male,218.248.20.29,Yes,#9ea42b,3XL,46
590,Homere,Starbuck,hstarbuckgd@weebly.com,Male,7.45.221.182,Yes,#68f06f,XS,35
591,Hayward,Barrable,hbarrablege@si.edu,Male,17.36.61.180,Yes,#3b67d8,S,78
592,Flossie,Traite,ftraitegf@washington.edu,Female,166.141.38.15,Yes,#c7a68e,S,63
593,Benoit,Jursch,bjurschgg@ucoz.com,Male,235.22.109.100,Yes,#cb7701,XL,51
594,Pembroke,Dolton,pdoltongh@1688.com,Male,134.232.150.162,No,#3856a8,S,35
595,Susana,Houchin,shouchingi@mit.edu,Female,136.33.218.179,No,#62cd62,S,24
596,Berty,Chester,bchestergj@vkontakte.ru,Male,186.174.64.49,No,#8b5414,S,92
597,Hinda,Wiskar,hwiskargk@forbes.com,Female,41.136.170.23,Yes,#e86d12,S,29
598,Angelina,Carneck,acarneckgl@reuters.com,Female,143.61.51.48,Yes,#e25233,S,80
599,Colette,Bexley,cbexleygm@independent.co.uk,Female,19.208.144.201,No,#294efd,3XL,76
600,Lilla,Karppi,lkarppign@utexas.edu,Female,175.14.82.186,Yes,#86c87e,S,37
601,Althea,Blackboro,ablackborogo@nifty.com,Female,109.23.43.137,No,#9d7c51,2XL,75
602,Tommi,Lynes,tlynesgp@vk.com,Female,179.130.196.1,No,#f7c472,3XL,50
603,Norry,Rosenfarb,nrosenfarbgq@chron.com,Female,138.141.244.62,Yes,#f93810,XL,24
604,Maris,Kelloway,mkellowaygr@boston.com,Female,108.87.140.54,Yes,#6f32ce,L,87
605,Duffie,Kerwen,dkerwengs@pinterest.com,Male,217.183.175.237,Yes,#17c8cc,XL,32
606,Claus,Krates,ckratesgt@comcast.net,Male,158.172.156.143,Yes,#e10f11,XS,32
607,Katha,Mead,kmeadgu@noaa.gov,Female,137.189.99.227,Yes,#ec8d9f,2XL,73
608,Randi,Ranns,rrannsgv@de.vu,Male,249.5.245.154,Yes,#57bc53,S,80
609,Karry,Grundey,kgrundeygw@wikipedia.org,Female,17.17.22.135,Yes,#6b7fb6,S,75
610,Eydie,Cockarill,ecockarillgx@auda.org.au,Female,235.37.174.42,No,#ea7f1a,2XL,30
611,Suzette,Toderini,stoderinigy@bloomberg.com,Female,130.98.84.157,No,#3ee119,M,18
612,Vincents,Semerad,vsemeradgz@merriam-webster.com,Male,112.178.216.70,Yes,#0a4a51,3XL,49
613,Jessey,Spada,jspadah0@vk.com,Male,107.181.21.50,No,#680ec7,XL,29
614,Esdras,Piser,episerh1@homestead.com,Male,138.155.89.164,No,#47bf4a,XL,70
615,Lewie,Heare,lheareh2@simplemachines.org,Male,74.10.110.78,Yes,#01ca93,L,37
616,Crawford,Kopje,ckopjeh3@digg.com,Male,78.162.232.132,Yes,#90b079,2XL,22
617,Lucina,Reason,lreasonh4@europa.eu,Female,3.152.129.21,Yes,#4d022f,M,88
618,Joice,Brok,jbrokh5@tmall.com,Female,19.123.39.209,No,#9f7cee,2XL,76
619,Pippa,Spadaro,pspadaroh6@webnode.com,Female,102.201.55.161,Yes,#955d05,XS,34
620,Birk,Thonason,bthonasonh7@prnewswire.com,Male,219.127.228.29,Yes,#400e56,L,75
621,Eudora,Starbeck,estarbeckh8@freewebs.com,Female,241.82.35.112,No,#9c3e15,2XL,60
622,Jonell,Cocke,jcockeh9@angelfire.com,Female,26.216.169.31,Yes,#6a0c06,L,71
623,Huberto,Girodin,hgirodinha@discovery.com,Male,97.123.84.143,No,#1f4610,L,18
624,Rhody,Moncrefe,rmoncrefehb@latimes.com,Female,5.226.183.104,Yes,#a9d370,XS,89
625,Frederigo,Santos,fsantoshc@hatena.ne.jp,Male,160.12.8.190,Yes,#58c29d,M,50
626,Dusty,Butterley,dbutterleyhd@phpbb.com,Female,61.198.108.90,Yes,#e48b23,2XL,56
627,Konstantin,Gilluley,kgilluleyhe@flickr.com,Male,183.162.212.32,Yes,#240c0a,XS,92
628,Grove,Guillart,gguillarthf@techcrunch.com,Male,23.73.109.170,No,#e2d0bd,XL,63
629,Zonnya,Pedrozzi,zpedrozzihg@goo.gl,Female,233.210.192.50,Yes,#2cacf7,M,90
630,Lennie,Pieroni,lpieronihh@cocolog-nifty.com,Male,222.217.141.248,No,#485334,XS,53
631,Sherill,Blofeld,sblofeldhi@howstuffworks.com,Female,184.154.222.69,Yes,#0ae54b,S,49
632,Cherish,Wolland,cwollandhj@multiply.com,Female,122.42.32.147,No,#f256ae,S,32
633,Dan,Whitesel,dwhiteselhk@github.io,Male,68.157.3.89,Yes,#ee0847,S,81
634,Rickard,Peyton,rpeytonhl@de.vu,Male,234.42.149.219,Yes,#2d23a3,XS,82
635,Wallace,Matejic,wmatejichm@godaddy.com,Male,188.173.198.68,No,#230d1e,XS,18
636,Carolus,Kahan,ckahanhn@psu.edu,Male,9.79.92.22,No,#0cd246,L,33
637,Martha,Fenby,mfenbyho@rambler.ru,Female,155.135.13.7,Yes,#8d5ee9,3XL,55
638,Tim,Woolfitt,twoolfitthp@4shared.com,Female,232.174.145.195,Yes,#7ea182,S,33
639,Ora,Tapply,otapplyhq@wufoo.com,Female,197.15.118.14,No,#04e5b7,L,77
640,Bill,Bachmann,bbachmannhr@imgur.com,Female,71.124.84.235,Yes,#52365a,XL,91
641,Ernesto,Brittle,ebrittlehs@theatlantic.com,Male,150.96.43.99,No,#f3f2f8,2XL,68
642,Torrence,Ivakhnov,tivakhnovht@domainmarket.com,Male,49.103.203.218,Yes,#b06082,2XL,51
643,Beverie,Stower,bstowerhu@examiner.com,Female,248.234.204.109,No,#dd669c,S,54
644,Micky,Rablin,mrablinhv@example.com,Female,88.72.31.71,No,#2615ea,L,56
645,Ruben,Sousa,rsousahw@harvard.edu,Male,15.38.157.8,Yes,#9bafcb,M,81
646,Herculie,Moynihan,hmoynihanhx@squarespace.com,Male,197.161.200.226,Yes,#7ae04a,XS,43
647,Sileas,Lowder,slowderhy@apache.org,Female,216.43.62.8,Yes,#964630,M,70
648,Ralf,Hamblett,rhambletthz@google.fr,Male,172.227.139.236,No,#0bc42c,3XL,20
654,Demeter,Dorward,ddorwardi5@si.edu,Female,209.138.190.4,Yes,#b3d2c9,L,81
655,Dolores,Garnsworth,dgarnsworthi6@eventbrite.com,Female,63.68.226.30,Yes,#fc49de,3XL,48
656,Andriette,Tidder,atidderi7@cbsnews.com,Female,0.164.20.113,No,#6be3f9,XL,49
657,Jone,De Freyne,jdefreynei8@nih.gov,Male,19.226.13.142,No,#e896e3,S,31
658,Anita,Le Port,aleporti9@issuu.com,Female,69.117.186.200,No,#bde0dd,M,34
659,Jordan,McCall,jmccallia@noaa.gov,Male,224.116.181.107,Yes,#143540,L,45
660,Jerry,Radbourne,jradbourneib@google.com.hk,Female,176.95.113.171,Yes,#6df561,XL,53
661,Odey,Bridgett,obridgettic@nih.gov,Male,86.216.122.3,No,#8268a5,2XL,75
662,Saunders,Culbert,sculbertid@live.com,Male,91.78.77.173,Yes,#38ef29,M,63
663,Allyson,Sottell,asottellie@sakura.ne.jp,Female,60.208.148.159,Yes,#433b50,L,54
664,Thea,Brewood,tbrewoodif@dailymail.co.uk,Female,169.200.102.255,Yes,#7dd05f,XL,51
665,Georas,O'Shea,gosheaig@npr.org,Male,212.255.171.189,Yes,#0d5638,S,79
666,Estell,Danaher,edanaherih@youku.com,Female,51.168.136.107,Yes,#217d3e,2XL,49
667,Joel,Rabat,jrabatii@redcross.org,Male,141.198.6.247,Yes,#15d359,M,18
668,Shelba,Stancer,sstancerij@youtu.be,Female,212.99.126.140,Yes,#e76895,XS,27
669,Pedro,Soffe,psoffeik@hud.gov,Male,104.147.72.143,No,#81a07e,L,82
670,Erma,Weigh,eweighil@forbes.com,Female,144.171.34.152,Yes,#070ece,3XL,47
671,Flemming,Pennycock,fpennycockim@illinois.edu,Male,7.61.24.69,Yes,#31b589,3XL,56
672,Pavlov,Callen,pcallenin@reference.com,Male,186.215.39.175,Yes,#a3d096,M,28
673,Giffie,Toby,gtobyio@bloglines.com,Male,186.137.109.43,No,#8d9e0d,XS,61
674,Burg,Tuddenham,btuddenhamip@home.pl,Male,66.157.4.162,No,#af0d8a,M,49
675,Lodovico,Ramplee,lrampleeiq@desdev.cn,Male,40.110.22.104,Yes,#ffaa3e,S,71
676,Timotheus,Moores,tmooresir@blogspot.com,Male,40.121.72.132,Yes,#6d6971,L,87
677,Kacey,Franzetti,kfranzettiis@theglobeandmail.com,Female,72.220.97.235,Yes,#a9d327,3XL,40
678,Kamilah,Folk,kfolkit@unesco.org,Female,8.128.30.207,No,#f1616b,XS,67
679,Abigael,Swaisland,aswaislandiu@people.com.cn,Female,40.108.42.73,Yes,#311bbe,L,45
680,Kathrine,Troutbeck,ktroutbeckiv@un.org,Female,34.124.239.54,Yes,#5edfa2,2XL,30
681,Kara-lynn,Hallawell,khallawelliw@devhub.com,Female,183.3.24.88,No,#57d8ac,S,30
682,Rob,Vanini,rvaniniix@joomla.org,Male,81.202.195.190,No,#99686b,L,68
683,Emile,Fobidge,efobidgeiy@techcrunch.com,Male,192.150.64.181,Yes,#f4947f,S,47
684,Rachael,Aartsen,raartseniz@g.co,Female,141.86.128.56,No,#4d983a,S,42
685,Dixie,Bissett,dbissettj0@economist.com,Female,38.99.64.142,Yes,#831794,S,90
686,Hetti,Bessett,hbessettj1@lulu.com,Female,157.113.68.116,Yes,#ceeac9,XL,55
687,Fran,Chastelain,fchastelainj2@free.fr,Male,42.56.87.31,No,#d17656,M,35
688,Abdul,Loakes,aloakesj3@t.co,Male,176.112.74.63,No,#c0b559,XS,79
689,Kristos,Percifer,kperciferj4@engadget.com,Male,0.60.82.251,No,#97fc3c,S,73
690,Roch,Pozzo,rpozzoj5@google.nl,Female,121.218.84.140,No,#f91805,XS,66
691,Fremont,Youel,fyouelj6@shop-pro.jp,Male,119.152.47.32,No,#131905,XS,77
692,Bernhard,Kochl,bkochlj7@google.com,Male,249.161.226.147,No,#96b609,2XL,74
693,Wait,Lergan,wlerganj8@jugem.jp,Male,128.63.132.131,No,#940b87,L,56
694,Shea,Hellcat,shellcatj9@tripadvisor.com,Female,77.162.67.231,No,#e7c371,2XL,52
695,Reidar,Lidyard,rlidyardja@illinois.edu,Male,101.57.112.66,Yes,#ae470b,S,68
696,Ninnette,Bownass,nbownassjb@ovh.net,Female,252.190.45.17,No,#4df727,2XL,41
697,Madelena,Rands,mrandsjc@technorati.com,Female,175.175.86.219,Yes,#61713c,XL,71
698,Alfreda,Piddington,apiddingtonjd@github.com,Female,132.108.144.230,Yes,#6e4802,M,64
699,Caressa,Zellner,czellnerje@printfriendly.com,Female,61.50.128.118,No,#cc10af,XS,43
700,Whitney,Harrod,wharrodjf@live.com,Male,186.190.225.185,No,#350687,M,90
701,Yuri,Schulz,yschulzjg@japanpost.jp,Male,199.85.174.194,Yes,#6a9aa6,M,27
702,Lorianna,Melliard,lmelliardjh@blogtalkradio.com,Female,119.60.129.64,No,#e88808,3XL,62
703,Gery,Rigolle,grigolleji@washington.edu,Male,10.243.229.203,No,#41b86e,S,75
704,Ly,McCulloch,lmccullochjj@theatlantic.com,Male,193.237.63.198,Yes,#7e73c3,XL,91
705,Germaine,Morville,gmorvillejk@smh.com.au,Male,223.56.147.217,No,#77535e,XS,74
706,Kai,Vardy,kvardyjl@clickbank.net,Female,182.168.150.233,No,#ebaf66,2XL,85
707,Rachele,Arundel,rarundeljm@printfriendly.com,Female,140.151.94.211,No,#b781a1,3XL,88
708,Leonore,Hodcroft,lhodcroftjn@comsenz.com,Female,141.181.219.253,Yes,#f5af69,M,51
709,Emogene,Hillum,ehillumjo@studiopress.com,Female,4.199.217.19,No,#ec6b13,L,60
710,Boniface,Lindsell,blindselljp@nyu.edu,Male,164.102.229.46,No,#c168bb,3XL,24
711,Haley,Pahlsson,hpahlssonjq@weebly.com,Male,82.86.63.49,Yes,#a5a1fe,3XL,67
712,Francis,Swafford,fswaffordjr@arizona.edu,Male,57.147.254.87,Yes,#ebd26a,XS,53
713,Stafford,Mullard,smullardjs@tripadvisor.com,Male,212.31.46.20,No,#490a91,S,22
714,Orion,Drewitt,odrewittjt@smugmug.com,Male,170.18.39.208,Yes,#aa7f4f,M,65
715,Emmalynn,Mollett,emollettju@mapquest.com,Female,57.175.194.249,No,#e443dd,3XL,70
716,Lorie,Giacomuzzi,lgiacomuzzijv@drupal.org,Female,220.81.143.86,No,#b1a43b,2XL,47
717,Sidonnie,Bennen,sbennenjw@google.pl,Female,229.53.211.138,Yes,#608570,XL,70
719,Orelee,Martinolli,omartinollijy@edublogs.org,Female,216.111.144.253,No,#9ec4dd,M,30
720,Anni,Treher,atreherjz@buzzfeed.com,Female,73.184.46.229,Yes,#9bf3ba,XS,64
721,Darnall,Skpsey,dskpseyk0@netscape.com,Male,8.120.98.88,Yes,#adb063,XL,61
722,Sula,Smurfitt,ssmurfittk1@nasa.gov,Female,112.74.167.232,Yes,#462b8a,2XL,49
723,Ketti,Wenban,kwenbank2@github.io,Female,203.137.255.190,No,#bddb6e,S,21
724,Shana,Pickrill,spickrillk3@ucoz.com,Female,224.4.155.207,Yes,#23cdef,L,41
725,Bobby,Andreichik,bandreichikk4@google.co.uk,Female,181.110.18.237,No,#d7c7c1,L,64
726,Rori,Rozsa,rrozsak5@4shared.com,Female,163.5.131.82,No,#0cbdd2,2XL,44
729,Mario,Honnan,mhonnank8@creativecommons.org,Male,70.63.232.55,Yes,#2ceb30,2XL,33
730,Carita,Goodboddy,cgoodboddyk9@who.int,Female,41.192.17.254,No,#d21fb3,S,64
731,Philip,Henker,phenkerka@geocities.com,Male,39.114.31.186,No,#83ebc5,3XL,57
732,Quinlan,Meekings,qmeekingskb@vkontakte.ru,Male,246.161.139.130,No,#2d29c6,3XL,86
734,Donica,Risen,drisenkd@geocities.com,Female,31.241.128.15,Yes,#6a54bb,2XL,20
735,Welch,Wapple,wwappleke@csmonitor.com,Male,244.40.148.125,Yes,#de6354,XS,91
736,Devora,Biles,dbileskf@columbia.edu,Female,108.111.18.84,No,#5d73dd,XS,35
737,Ivory,Hugues,ihugueskg@123-reg.co.uk,Female,147.37.57.98,Yes,#8494a1,M,46
738,Townsend,Guillart,tguillartkh@ow.ly,Male,251.189.50.121,Yes,#997d43,S,58
739,Miran,Ludvigsen,mludvigsenki@squarespace.com,Female,107.211.226.9,No,#d8a278,3XL,37
740,Jaquenette,Glanton,jglantonkj@psu.edu,Female,229.255.237.8,Yes,#b8a8a3,3XL,61
741,Eugine,Berzin,eberzinkk@bluehost.com,Female,47.105.6.67,No,#c7d078,3XL,40
742,Sanderson,Desmond,sdesmondkl@netlog.com,Male,236.93.58.159,Yes,#e2f54f,M,88
743,Friedrich,Hrachovec,fhrachoveckm@bigcartel.com,Male,36.218.165.152,No,#2a4587,S,38
744,Raven,Crickett,rcrickettkn@rediff.com,Female,136.252.227.82,No,#5aba33,2XL,87
745,Constantine,MacGiolla,cmacgiollako@ibm.com,Male,136.133.39.191,No,#ae99d4,XL,25
746,Cornie,Hawken,chawkenkp@gnu.org,Male,59.111.101.152,No,#09ca2d,XL,33
747,Ailey,Timberlake,atimberlakekq@360.cn,Female,30.252.100.130,No,#8ebd86,XS,55
748,Idell,Banfield,ibanfieldkr@epa.gov,Female,247.92.106.141,Yes,#907d12,L,40
749,Jayne,Pond,jpondks@shutterfly.com,Female,201.136.69.86,No,#6495ad,M,48
750,Alfons,Pauluzzi,apauluzzikt@google.fr,Male,69.77.36.17,Yes,#5bcf32,XL,56
751,Crichton,Cudbird,ccudbirdku@tripadvisor.com,Male,21.144.210.138,Yes,#f1dd8a,3XL,60
752,Baily,Bischof,bbischofkv@apple.com,Male,242.137.204.238,Yes,#db2d0e,2XL,46
753,Josh,Behn,jbehnkw@army.mil,Male,234.124.255.222,No,#caa5c9,XS,86
754,Abigael,Need,aneedkx@usda.gov,Female,253.157.134.176,No,#891851,XL,88
755,Judd,Landrean,jlandreanky@google.com.au,Male,152.178.120.197,No,#80e8e7,S,78
756,Louella,Meiningen,lmeiningenkz@columbia.edu,Female,135.192.89.47,Yes,#5aa675,L,88
757,Faulkner,Faulkner,ffaulknerl0@surveymonkey.com,Male,103.254.246.88,No,#de470d,XL,69
758,Clayborne,Corten,ccortenl1@prlog.org,Male,69.171.244.250,Yes,#1e4a92,S,40
759,Elaina,Sidgwick,esidgwickl2@epa.gov,Female,96.119.250.67,No,#7bfa26,M,79
760,Alyss,Kinge,akingel3@ezinearticles.com,Female,44.217.199.55,Yes,#11009f,XS,33
761,Hobey,Bellefonte,hbellefontel4@fda.gov,Male,165.178.34.154,No,#84f40d,L,32
762,Nealson,Abrahim,nabrahiml5@virginia.edu,Male,43.132.69.153,Yes,#ff4753,3XL,84
763,Jarrid,Jablonski,jjablonskil6@reddit.com,Male,208.181.170.66,No,#32d01f,M,78
764,Waylon,Clac,wclacl7@mac.com,Male,130.78.236.99,No,#a8829f,2XL,72
765,Lowe,McGarvey,lmcgarveyl8@yahoo.com,Male,32.138.224.38,No,#3b289b,3XL,50
766,Ardath,Petera,apeteral9@bigcartel.com,Female,94.159.9.182,No,#9be33d,L,67
767,Rebbecca,Longworth,rlongworthla@usgs.gov,Female,199.243.99.38,Yes,#a4bc76,2XL,43
768,Julietta,Frift,jfriftlb@howstuffworks.com,Female,86.177.0.231,Yes,#b0fe98,XL,80
769,Falito,Ondrousek,fondrouseklc@clickbank.net,Male,83.165.223.131,Yes,#199b0e,XS,88
770,Kaela,Voff,kvoffld@csmonitor.com,Female,154.157.1.196,Yes,#67d507,XL,43
771,Walliw,Rubinovici,wrubinovicile@washingtonpost.com,Female,128.70.17.69,Yes,#89b815,M,84
772,Melvin,Leneham,mlenehamlf@unesco.org,Male,221.189.144.183,Yes,#e6b590,XL,76
773,Butch,Scapelhorn,bscapelhornlg@eventbrite.com,Male,184.95.125.178,No,#588671,XL,52
774,Lorrayne,Sive,lsivelh@dell.com,Female,206.69.38.15,No,#6d62f7,S,92
775,Chanda,Collyear,ccollyearli@oaic.gov.au,Female,222.163.95.224,Yes,#895f13,XL,20
776,Mischa,Gillatt,mgillattlj@ucoz.com,Male,244.221.112.172,No,#8cea28,2XL,56
777,Amalee,Twyning,atwyninglk@ameblo.jp,Female,233.227.102.92,Yes,#432d97,XS,54
778,Vivyan,Dobrovolski,vdobrovolskill@chron.com,Female,250.1.200.251,Yes,#38d7cd,L,45
779,Jaquith,Ferne,jfernelm@virginia.edu,Female,9.108.153.59,Yes,#d0495c,XS,92
780,Vidovik,Ambrozik,vambrozikln@seattletimes.com,Male,130.120.215.187,No,#7835fb,L,71
781,Avram,Vassall,avassalllo@oaic.gov.au,Male,34.198.231.36,No,#57da55,3XL,40
782,Aurore,Stansall,astansalllp@soup.io,Female,126.195.48.138,No,#bf51f2,2XL,30
783,Marillin,Boaler,mboalerlq@mapquest.com,Female,186.210.245.26,No,#2ce292,XL,91
784,Uta,Cheltnam,ucheltnamlr@indiatimes.com,Female,123.77.172.35,No,#52e680,3XL,24
785,Auberon,Blind,ablindls@cyberchimps.com,Male,58.220.83.161,Yes,#eb510b,M,61
786,Cosette,Willox,cwilloxlt@mozilla.org,Female,212.38.229.86,No,#afda1c,M,39
787,Marysa,Hamly,mhamlylu@marriott.com,Female,254.241.9.85,Yes,#728ce5,XL,35
788,Killian,Bagster,kbagsterlv@storify.com,Male,208.248.219.38,No,#5bafd7,XS,40
789,Regan,Spindler,rspindlerlw@deviantart.com,Female,10.16.106.61,Yes,#1a26bf,XL,62
790,Lissy,Ludy,lludylx@home.pl,Female,45.169.167.227,No,#5c9916,M,50
791,Emmit,McCarty,emccartyly@chronoengine.com,Male,131.94.254.5,No,#a9b3ab,L,26
792,Reagen,Shillam,rshillamlz@time.com,Male,159.99.147.77,Yes,#28be22,M,33
793,Dieter,Dax,ddaxm0@vk.com,Male,75.14.104.116,Yes,#fe7288,S,58
794,Sutherland,Borgne,sborgnem1@newyorker.com,Male,64.116.80.139,Yes,#fa709b,M,23
795,Tann,Garwill,tgarwillm2@alibaba.com,Male,146.93.38.52,No,#8de91a,M,18
796,Norah,Ormston,normstonm3@phoca.cz,Female,21.250.194.212,Yes,#f4368f,M,81
797,Poppy,Pentony,ppentonym4@time.com,Female,7.172.76.187,No,#6c1f67,M,28
798,Smitty,Jasik,sjasikm5@discuz.net,Male,90.133.9.111,Yes,#7b3624,L,86
799,Trueman,Minchell,tminchellm6@photobucket.com,Male,232.219.181.205,Yes,#8b39ec,3XL,44
800,Benedetta,Lawlance,blawlancem7@exblog.jp,Female,1.71.225.183,Yes,#fadbd2,M,71
801,Pansie,Scohier,pscohierm8@npr.org,Female,129.61.176.131,No,#67a2f7,2XL,87
802,Arleen,Willford,awillfordm9@dyndns.org,Female,138.207.114.0,Yes,#c106d0,3XL,74
803,Ninetta,Brashier,nbrashierma@hud.gov,Female,240.69.198.193,No,#e17354,M,51
804,Heywood,Blei,hbleimb@seesaa.net,Male,202.107.79.246,Yes,#807fd6,3XL,26
806,Gregg,Lies,gliesmd@redcross.org,Male,205.30.163.16,No,#58a8c0,S,26
807,Neil,Yoxall,nyoxallme@smh.com.au,Male,234.192.136.237,Yes,#f4dc1a,2XL,36
808,Sue,MacAskie,smacaskiemf@opensource.org,Female,82.118.242.5,Yes,#7e4ba1,L,74
809,Catharine,Till,ctillmg@freewebs.com,Female,42.98.14.40,No,#775516,3XL,44
810,Joane,Deere,jdeeremh@zdnet.com,Female,58.251.28.120,Yes,#b4af9c,XL,74
811,Anetta,Heinemann,aheinemannmi@slashdot.org,Female,80.197.217.221,Yes,#1fe4f9,3XL,76
812,Katee,Barkworth,kbarkworthmj@prnewswire.com,Female,248.253.230.70,No,#d9d33d,S,60
813,Tabbatha,Fretter,tfrettermk@wsj.com,Female,168.209.214.19,Yes,#1a4829,2XL,54
814,Paolina,Courtonne,pcourtonneml@hubpages.com,Female,161.192.215.124,Yes,#2629ed,L,87
815,Von,Ilyinski,vilyinskimm@cdc.gov,Male,107.254.87.229,No,#16a913,S,68
816,Yancey,Hembery,yhemberymn@moonfruit.com,Male,255.46.119.87,No,#3a1660,M,57
817,Issy,Grigorian,igrigorianmo@zdnet.com,Female,99.170.116.185,Yes,#0860f1,3XL,61
818,Renaldo,Scotsbrook,rscotsbrookmp@accuweather.com,Male,238.154.241.201,No,#ae6cf7,XS,58
819,Earle,Deniset,edenisetmq@loc.gov,Male,211.222.68.145,Yes,#73f6c4,XL,74
820,Wallie,Westley,wwestleymr@usatoday.com,Female,39.26.209.47,Yes,#d57334,L,30
821,Barbette,Beves,bbevesms@ft.com,Female,235.240.9.13,No,#43884b,S,34
822,Gaelan,Kingsmill,gkingsmillmt@nih.gov,Male,186.83.20.162,Yes,#531041,L,73
823,Reynard,Bellie,rbelliemu@youtube.com,Male,157.166.85.66,Yes,#43aa14,L,40
824,Kylie,Carson,kcarsonmv@fc2.com,Male,19.106.235.174,No,#738d8b,XL,18
825,Wilhelmina,Franschini,wfranschinimw@stanford.edu,Female,191.100.70.74,Yes,#ca53fd,2XL,35
826,Adrian,Byers,abyersmx@cnbc.com,Male,200.28.106.0,Yes,#6d5ca4,S,68
827,Zollie,Lemmers,zlemmersmy@weibo.com,Male,172.235.139.61,No,#1701f5,M,50
828,Kaleena,Ashfield,kashfieldmz@1688.com,Female,122.122.172.213,Yes,#47282f,S,58
829,Yolanda,Allcoat,yallcoatn0@oakley.com,Female,140.68.81.23,Yes,#f474f0,L,67
830,Leslie,Somerscales,lsomerscalesn1@amazonaws.com,Male,195.130.149.35,No,#193f78,3XL,31
831,Nani,Harkness,nharknessn2@ucoz.ru,Female,184.72.144.242,No,#4ea9f9,3XL,26
832,Rickey,Fantin,rfantinn3@cbc.ca,Male,140.211.70.135,No,#7ab92a,3XL,79
833,Leonanie,Ovize,lovizen4@seesaa.net,Female,251.78.237.68,No,#0f251d,S,43
834,Patrica,Padbury,ppadburyn5@mapquest.com,Female,215.212.98.112,No,#49ddba,L,75
835,Idalia,Samms,isammsn6@histats.com,Female,130.211.186.186,No,#6cc64d,3XL,35
836,Fredia,Fitchett,ffitchettn7@google.fr,Female,188.161.115.175,Yes,#f90ea9,S,80
837,Erastus,Rack,erackn8@usa.gov,Male,93.224.96.32,Yes,#9d7001,M,49
838,Jess,Betteriss,jbetterissn9@godaddy.com,Male,215.145.85.175,Yes,#35ea5c,XL,72
839,Sheena,O'Teague,soteaguena@sciencedaily.com,Female,219.55.211.60,Yes,#3a82d6,XS,37
840,Nani,Gerleit,ngerleitnb@tuttocitta.it,Female,231.131.129.80,Yes,#c340cf,2XL,56
841,Juliana,Hellings,jhellingsnc@cnet.com,Female,3.88.135.46,Yes,#ae5dd4,L,63
842,Janeczka,Brinsden,jbrinsdennd@alibaba.com,Female,208.146.39.10,Yes,#25b6b4,L,58
843,Deena,Keenor,dkeenorne@merriam-webster.com,Female,10.146.232.209,Yes,#06e943,2XL,61
844,Stanwood,Faldo,sfaldonf@wix.com,Male,2.109.8.173,No,#bab6dc,XL,81
845,Linc,Klassman,lklassmanng@posterous.com,Male,219.179.58.215,No,#57ef97,3XL,35
846,Morna,Fulbrook,mfulbrooknh@dion.ne.jp,Female,189.94.215.216,Yes,#0a9d27,XS,90
847,Sheila,Mugglestone,smugglestoneni@a8.net,Female,19.177.0.210,No,#3af26d,2XL,86
848,Prudy,Siverns,psivernsnj@multiply.com,Female,116.167.236.152,Yes,#9e6250,XS,58
849,Ailbert,Simione,asimionenk@sfgate.com,Male,83.246.143.254,Yes,#ed0dfe,M,66
850,Sharity,Pawellek,spawelleknl@telegraph.co.uk,Female,157.29.139.4,Yes,#fd88f1,3XL,67
851,Ethelyn,Paoli,epaolinm@ocn.ne.jp,Female,122.233.193.4,No,#0c4571,M,38
852,Earl,Crole,ecrolenn@amazon.co.uk,Male,114.15.242.117,Yes,#fdf5e3,S,85
853,Laurie,Fallow,lfallowno@ycombinator.com,Male,152.17.75.33,No,#500e9f,XL,46
854,Germain,Tilte,gtiltenp@ft.com,Female,23.103.121.150,Yes,#a54684,S,88
855,Brendis,Pallis,bpallisnq@ebay.co.uk,Male,204.167.87.147,Yes,#f8352e,L,18
856,Putnam,Gledhall,pgledhallnr@cbsnews.com,Male,141.75.172.186,No,#3c225f,M,52
857,Henderson,Cauley,hcauleyns@bing.com,Male,202.37.104.181,No,#7a142e,XS,88
858,Archie,Iacovo,aiacovont@squidoo.com,Male,35.88.91.58,Yes,#d11b60,2XL,34
859,Townsend,Dundendale,tdundendalenu@php.net,Male,237.58.236.155,No,#e66fc8,S,76
860,Clark,Prowse,cprowsenv@hc360.com,Male,26.245.209.227,No,#310cc2,3XL,55
861,Jewell,Mickan,jmickannw@goodreads.com,Female,35.72.224.58,No,#ffa221,XL,88
862,Wat,Merrin,wmerrinnx@imageshack.us,Male,244.171.212.73,No,#dfcff6,3XL,58
863,Moshe,Merryman,mmerrymanny@deviantart.com,Male,54.195.59.239,Yes,#53703a,M,45
864,Sabra,Dibbin,sdibbinnz@flickr.com,Female,14.171.138.41,Yes,#4553f4,L,48
865,Sorcha,Patek,spateko0@t.co,Female,246.251.174.38,No,#8635a7,XL,71
866,Jaime,Shurrocks,jshurrockso1@gizmodo.com,Female,102.71.118.22,No,#194926,L,84
867,Quintana,Bere,qbereo2@deliciousdays.com,Female,137.85.140.78,No,#2e6b9b,M,53
868,Klara,Stockbridge,kstockbridgeo3@discuz.net,Female,8.220.151.222,Yes,#8a5316,S,70
869,Hinda,Andrzejowski,handrzejowskio4@japanpost.jp,Female,65.247.211.226,No,#76784a,S,52
870,Glynda,Jotham,gjothamo5@soundcloud.com,Female,72.149.87.188,Yes,#15aa1c,XL,55
871,Clayborn,Parcell,cparcello6@tumblr.com,Male,18.113.193.194,Yes,#626bf1,2XL,65
872,Kiley,Vanetti,kvanettio7@seattletimes.com,Female,114.56.121.141,Yes,#0b4309,XL,22
873,Tiffi,Salthouse,tsalthouseo8@cbslocal.com,Female,57.169.126.235,No,#047513,XL,59
874,Rodrick,Lippiatt,rlippiatto9@state.gov,Male,55.158.43.243,Yes,#6a399a,XL,61
875,Flori,Fearick,ffearickoa@creativecommons.org,Female,116.178.126.219,Yes,#6b3182,3XL,69
876,Sara,Leason,sleasonob@prlog.org,Female,98.185.110.62,No,#cf97b6,M,86
877,Jenelle,Haney`,jhaneyoc@java.com,Female,97.61.19.204,No,#203995,S,83
878,Sol,Keen,skeenod@wikia.com,Male,137.225.255.248,No,#c37ef1,M,63
879,Maurice,Ruffell,mruffelloe@pcworld.com,Male,132.59.123.113,Yes,#da1e04,XL,68
880,Lynn,Pick,lpickof@yahoo.com,Female,17.95.21.199,Yes,#b5df06,3XL,73
881,Rici,Carvilla,rcarvillaog@nba.com,Female,183.189.71.146,Yes,#e2fa91,2XL,82
882,Sibelle,Viccary,sviccaryoh@businesswire.com,Female,15.40.76.200,No,#2448f3,2XL,64
883,Curtice,Alecock,calecockoi@salon.com,Male,145.239.21.113,No,#6b5188,XS,68
884,Caty,Korba,ckorbaoj@sina.com.cn,Female,117.46.245.65,Yes,#612e52,S,21
885,Omero,Pearch,opearchok@wunderground.com,Male,15.4.80.125,Yes,#72b343,2XL,69
886,Lynnell,Aitchinson,laitchinsonol@indiegogo.com,Female,201.172.254.27,Yes,#e83ad8,XS,46
887,Vince,Jellis,vjellisom@hatena.ne.jp,Male,210.59.191.164,No,#f528de,XL,78
888,Prescott,Hinkins,phinkinson@over-blog.com,Male,182.175.60.9,Yes,#ac1efb,XL,62
889,Dov,Holley,dholleyoo@dmoz.org,Male,215.49.96.194,No,#661646,XS,37
890,Dulcie,Massenhove,dmassenhoveop@tamu.edu,Female,97.145.101.34,Yes,#c6c277,3XL,72
891,Bron,Sara,bsaraoq@google.it,Male,159.245.138.244,Yes,#e95f72,XS,78
892,Hedvige,Disney,hdisneyor@thetimes.co.uk,Female,79.106.133.113,No,#5cc853,3XL,39
893,Emilio,Myrick,emyrickos@theglobeandmail.com,Male,158.68.145.137,No,#a6f6f5,M,35
894,Clea,Ritter,critterot@51.la,Female,88.178.45.48,Yes,#897bd1,L,25
895,Gabriell,Duthy,gduthyou@rediff.com,Female,38.236.188.124,Yes,#d5b356,3XL,89
896,Adriana,Abrahamsohn,aabrahamsohnov@newsvine.com,Female,205.68.95.169,No,#17e5ae,3XL,78
897,Gar,Nickels,gnickelsow@google.co.uk,Male,62.21.231.195,No,#a18200,3XL,25
898,Kessia,Chaman,kchamanox@state.gov,Female,35.111.54.157,Yes,#415132,XL,84
899,Karlee,Mesant,kmesantoy@senate.gov,Female,61.233.102.82,Yes,#1c8010,L,41
900,Christian,Loddy,cloddyoz@artisteer.com,Female,119.36.239.246,No,#afea54,XL,55
901,Pattin,Balderstone,pbalderstonep0@ehow.com,Male,231.140.76.32,Yes,#03d6af,2XL,72
902,Meagan,Rickarsey,mrickarseyp1@slashdot.org,Female,207.175.53.54,Yes,#ee85e2,3XL,27
903,Benetta,Whittall,bwhittallp2@goodreads.com,Female,203.243.206.184,Yes,#b35f4e,M,54
904,Birk,Wickey,bwickeyp3@themeforest.net,Male,127.125.108.126,Yes,#ad8836,3XL,80
905,Susy,Chillistone,schillistonep4@dagondesign.com,Female,5.217.64.248,No,#4fe53c,S,83
906,Deeanne,Morison,dmorisonp5@eepurl.com,Female,4.186.129.134,No,#c04617,2XL,22
907,Audra,Gallaway,agallawayp6@homestead.com,Female,223.196.125.254,Yes,#ce4f56,2XL,90
908,Lothaire,Khosa,lkhosap7@furl.net,Male,191.148.10.160,No,#c246f9,3XL,38
909,Dorey,Matzeitis,dmatzeitisp8@patch.com,Female,241.47.186.20,No,#a064a1,XL,33
910,Wait,Ducket,wducketp9@freewebs.com,Male,24.33.54.58,Yes,#3c996e,XL,87
911,Shaughn,Stonbridge,sstonbridgepa@senate.gov,Male,109.218.119.112,No,#4078b2,M,92
912,Lombard,Bricknell,lbricknellpb@yahoo.co.jp,Male,154.124.243.32,No,#b01075,2XL,27
913,Packston,Kesey,pkeseypc@elegantthemes.com,Male,25.97.84.169,Yes,#a256e0,M,37
914,Devondra,Orcott,dorcottpd@csmonitor.com,Female,217.41.161.39,No,#7c292b,XS,46
915,Harley,Heavy,hheavype@behance.net,Male,18.14.42.26,No,#561061,S,61
916,Lou,Doxey,ldoxeypf@com.com,Female,166.8.62.105,No,#28a8a5,M,62
917,Hayward,Swin,hswinpg@unc.edu,Male,240.68.68.215,No,#8d68e9,L,39
918,Westleigh,Franzman,wfranzmanph@thetimes.co.uk,Male,163.118.123.39,Yes,#ed1174,3XL,63
919,Kirbie,Hearon,khearonpi@aol.com,Female,4.149.183.79,No,#0c25d5,M,51
920,Garald,Benbow,gbenbowpj@storify.com,Male,82.179.53.72,No,#764dd3,XL,88
921,Loreen,Calendar,lcalendarpk@cyberchimps.com,Female,23.7.88.30,Yes,#fbff47,XS,61
922,Wallie,MacQuist,wmacquistpl@mozilla.com,Male,34.145.61.54,No,#25b2c2,S,74
923,Diane-marie,Serjeantson,dserjeantsonpm@shareasale.com,Female,38.234.8.237,No,#d72d7c,2XL,78
924,Aliza,Erdely,aerdelypn@domainmarket.com,Female,130.164.63.191,No,#7806a5,3XL,69
925,Coop,Pershouse,cpershousepo@sfgate.com,Male,0.249.166.164,No,#7a3509,S,89
926,Guillaume,Saffe,gsaffepp@squarespace.com,Male,10.225.124.200,Yes,#cf1f53,3XL,66
927,Nataniel,Kimbury,nkimburypq@telegraph.co.uk,Male,109.130.126.154,Yes,#5991e8,3XL,21
928,Jolee,Leither,jleitherpr@51.la,Female,175.206.188.104,No,#63d511,3XL,70
929,Constancy,Trustie,ctrustieps@free.fr,Female,91.22.186.19,Yes,#2eb8d9,2XL,52
930,Eustace,McCawley,emccawleypt@dedecms.com,Male,56.215.20.72,Yes,#2c52a1,S,49
931,Jemmy,Tummasutti,jtummasuttipu@constantcontact.com,Female,102.5.238.220,No,#70f186,S,63
932,Ximenes,Valentin,xvalentinpv@paypal.com,Male,228.213.50.4,No,#1c18ed,L,74
933,Yolande,Ambrogini,yambroginipw@newyorker.com,Female,212.27.87.186,No,#297912,2XL,88
935,Oriana,Nisbith,onisbithpy@shareasale.com,Female,164.23.44.163,Yes,#7b2307,L,73
936,Patrica,Tschiersch,ptschierschpz@thetimes.co.uk,Female,205.96.134.192,No,#40ebbe,3XL,73
937,Morgana,Calow,mcalowq0@imgur.com,Female,3.135.78.51,Yes,#49d6d5,XS,92
938,Mervin,Schreurs,mschreursq1@msu.edu,Male,73.202.210.243,Yes,#c2fb48,3XL,45
939,Randy,Revely,rrevelyq2@japanpost.jp,Male,50.21.130.138,No,#012a8d,M,48
940,Ina,Lathwell,ilathwellq3@paginegialle.it,Female,31.2.56.11,No,#65e120,2XL,18
941,Tabina,Salsbury,tsalsburyq4@cdbaby.com,Female,244.67.84.96,Yes,#b91314,XS,28
942,Danny,Jacob,djacobq5@scribd.com,Male,155.219.70.71,No,#e5155c,2XL,32
943,Heida,Duffit,hduffitq6@networkadvertising.org,Female,247.63.84.11,No,#5ed7f7,XL,30
944,Davin,Hatrick,dhatrickq7@pcworld.com,Male,144.158.140.36,Yes,#f48812,XL,90
945,Esmaria,Tight,etightq8@apache.org,Female,32.147.100.195,No,#9a9e15,L,77
946,Joelly,Agass,jagassq9@washington.edu,Female,196.246.68.130,Yes,#13d29b,M,22
947,Hanni,Land,hlandqa@bloomberg.com,Female,191.120.164.127,No,#8cd38b,2XL,70
948,Saundra,Hagston,shagstonqb@nationalgeographic.com,Male,56.222.139.58,No,#4ef8b8,S,86
949,Delmer,Edmund,dedmundqc@scientificamerican.com,Male,36.170.33.39,Yes,#b6aee6,S,62
950,William,Risman,wrismanqd@drupal.org,Male,34.33.224.204,No,#45f4d8,L,23
951,Gene,Truett,gtruettqe@examiner.com,Male,129.85.31.127,Yes,#d0f065,M,73
952,Abbie,Mackinder,amackinderqf@moonfruit.com,Male,232.220.19.127,No,#cc5747,2XL,66
953,Mendy,Houlridge,mhoulridgeqg@aboutads.info,Male,132.161.203.5,Yes,#7f404c,S,87
954,Constanta,Lympany,clympanyqh@marriott.com,Female,27.246.165.213,No,#56388e,L,74
955,Maddalena,Frankowski,mfrankowskiqi@ucoz.ru,Female,139.207.110.232,No,#b702c1,XS,75
956,Jacquelyn,Abdon,jabdonqj@webs.com,Female,50.39.150.224,No,#db0bad,XS,85
957,Anita,Oman,aomanqk@e-recht24.de,Female,245.43.5.79,No,#8e5e77,S,84
958,Stavros,Vannuchi,svannuchiql@nifty.com,Male,146.224.254.78,No,#0d1c9d,S,43
959,Roger,Hawthorne,rhawthorneqm@state.gov,Male,8.215.109.100,Yes,#17a81f,L,23
960,Thorndike,Edmondson,tedmondsonqn@macromedia.com,Male,187.197.145.73,Yes,#e38fd7,3XL,28
961,Hillier,Peotz,hpeotzqo@wikispaces.com,Male,3.182.179.204,Yes,#cc5319,XS,87
962,Luelle,Baison,lbaisonqp@g.co,Female,42.89.77.192,Yes,#d4967e,S,21
963,Nickey,O'Fogerty,nofogertyqq@independent.co.uk,Male,81.160.9.50,Yes,#505d60,M,37
964,Merrili,Bremley,mbremleyqr@springer.com,Female,243.161.179.80,No,#1524e2,L,45
965,Tracy,Symons,tsymonsqs@cafepress.com,Male,173.59.249.66,Yes,#aaf470,S,90
966,Dinah,Dunbobbin,ddunbobbinqt@51.la,Female,10.60.216.170,Yes,#553e65,S,87
967,Terence,Yoell,tyoellqu@qq.com,Male,214.173.47.40,No,#fcfbdd,L,21
968,Giselbert,MacRonald,gmacronaldqv@shop-pro.jp,Male,107.142.202.109,Yes,#851ecf,XS,87
969,Casandra,Thurlbeck,cthurlbeckqw@booking.com,Female,72.78.250.47,No,#cfef54,XL,38
970,Idalina,Wooderson,iwoodersonqx@google.com,Female,57.105.255.210,Yes,#d9370d,L,25
971,Nata,Prattin,nprattinqy@vkontakte.ru,Female,190.81.194.121,No,#d4b040,S,19
972,Maryellen,Copson,mcopsonqz@domainmarket.com,Female,199.23.222.60,Yes,#7dfb0c,3XL,27
973,Lorens,Blasi,lblasir0@chicagotribune.com,Male,208.50.150.80,Yes,#81a536,2XL,58
974,Dianemarie,Borrott,dborrottr1@reference.com,Female,9.211.30.133,No,#d09867,2XL,29
975,Jody,Lawry,jlawryr2@mac.com,Female,184.70.193.150,Yes,#95f15c,L,25
976,Abbe,Lutas,alutasr3@walmart.com,Male,194.87.196.2,No,#233625,XL,86
977,Walt,Stockings,wstockingsr4@sphinn.com,Male,209.170.59.137,No,#cb39c9,S,18
978,Gothart,Gaylord,ggaylordr5@squarespace.com,Male,150.132.56.28,Yes,#2cabc8,S,83
979,Freddie,Millis,fmillisr6@google.pl,Female,42.48.155.161,No,#23ef88,L,21
980,Gothart,Francie,gfrancier7@live.com,Male,142.79.137.188,Yes,#f3c230,3XL,65
981,Enos,Northey,enortheyr8@phoca.cz,Male,88.153.195.229,Yes,#2444cb,XS,68
982,Valentine,Bertot,vbertotr9@w3.org,Male,6.76.204.125,Yes,#527d06,L,74
984,Gabriello,Beazer,gbeazerrb@fema.gov,Male,16.221.54.24,Yes,#e61a60,3XL,89
985,Townsend,Isaaksohn,tisaaksohnrc@yolasite.com,Male,44.223.221.189,Yes,#e5d336,2XL,38
986,Kaine,Sneaker,ksneakerrd@furl.net,Male,86.149.113.113,Yes,#561286,XS,65
987,Dell,Allwright,dallwrightre@com.com,Female,47.106.230.18,Yes,#c7695f,XS,86
988,Janine,Vaughn,jvaughnrf@storify.com,Female,3.216.60.172,Yes,#fd9cb1,2XL,74
989,Sybyl,Jeays,sjeaysrg@who.int,Female,224.253.28.141,No,#ce41f0,2XL,57
990,Nikolaos,Wellan,nwellanrh@samsung.com,Male,224.63.190.229,No,#0cbc1f,M,74
991,Lowe,Lombard,llombardri@epa.gov,Male,140.104.128.92,No,#39021f,2XL,37
992,Lemmie,Ottewell,lottewellrj@scribd.com,Male,207.123.118.196,Yes,#1d7987,XS,78
993,Shaylynn,Ennever,senneverrk@chron.com,Female,233.117.34.83,No,#bd608d,2XL,23
994,Butch,Matschke,bmatschkerl@upenn.edu,Male,88.193.66.138,No,#8f73d5,L,30
995,Emmye,Greson,egresonrm@taobao.com,Female,232.86.244.223,Yes,#cc3e0c,M,31
996,Elmira,Satterthwaite,esatterthwaitern@about.com,Female,120.44.24.2,Yes,#ba498d,L,21
997,Hildegarde,Pinkerton,hpinkertonro@ovh.net,Female,125.146.173.82,No,#a80d9d,2XL,52
998,Adriaens,Crus,acrusrp@umich.edu,Female,2.144.210.4,No,#094dc1,3XL,89
999,Graham,Finders,gfindersrq@wiley.com,Male,26.75.108.106,No,#e8803e,M,40
1000,Chancey,Roma,cromarr@army.mil,Male,54.27.175.130,Yes,#5a4932,2XL,63
